canonical,layer,category,weight,polarity,precision_tag
shopify,L2,brands,394.91,neutral,exact
amazon,L2,brands,360.76,neutral,exact
google,L2,brands,80.58,neutral,exact
problem,L2,brands,61.12,neutral,exact
fbm,L2,brands,51.62,neutral,exact
card,L2,brands,49.5,neutral,exact
ebay,L2,brands,45.18,neutral,exact
facebook,L2,brands,45.04,neutral,exact
sale,L2,brands,45.04,neutral,exact
youtube,L2,brands,40.67,neutral,exact
reviews,L2,brands,39.54,neutral,exact
conversion,L2,brands,38.82,neutral,exact
content,L2,brands,38.45,neutral,exact
bank,L2,brands,37.18,neutral,exact
ups,L2,brands,35.63,neutral,exact
seo,L2,brands,35.4,neutral,exact
meta,L2,brands,34.49,neutral,exact
issue,L2,pain_points,93.01,negative,exact
fees,L2,pain_points,57.38,negative,exact
return,L2,pain_points,54.89,negative,exact
issues,L2,pain_points,54.16,negative,exact
refund,L2,pain_points,53.11,negative,exact
fee,L2,pain_points,43.62,negative,exact
feedback,L2,pain_points,43.15,negative,exact
wrong,L2,pain_points,40.82,negative,exact
error,L2,pain_points,39.73,negative,exact
charge,L2,pain_points,38.44,negative,exact
feel,L2,pain_points,37.93,negative,exact
returns,L2,pain_points,30.53,negative,exact
chargeback,L2,pain_points,29.7,negative,exact
later,L2,pain_points,29.4,negative,exact
charged,L2,pain_points,29.12,negative,exact
template,L2,pain_points,28.84,negative,exact
fraud,L2,pain_points,27.44,negative,exact
risk,L2,pain_points,26.57,negative,exact
stuck,L2,pain_points,26.09,negative,exact
bad,L2,pain_points,24.07,negative,exact
related,L2,pain_points,23.82,negative,exact
review,L2,pain_points,21.71,negative,exact
scam,L2,pain_points,20.56,negative,exact
product,L2,features,303.98,neutral,exact
store,L2,features,207.94,neutral,exact
products,L2,features,202.86,neutral,exact
shipping,L2,features,198.89,neutral,exact
account,L2,features,178.41,neutral,exact
app,L2,features,173.33,neutral,exact
new,L2,features,156.7,neutral,exact
help,L2,features,155.9,neutral,exact
order,L2,features,147.94,neutral,exact
seller,L2,features,146.78,neutral,exact
sales,L2,features,145.91,neutral,exact
sell,L2,features,138.9,neutral,exact
need,L2,features,136.21,neutral,exact
customer,L2,features,132.87,neutral,exact
time,L2,features,129.67,neutral,exact
selling,L2,features,129.25,neutral,exact
way,L2,features,127.08,neutral,exact
don,L2,features,124.76,neutral,exact
page,L2,features,123.8,neutral,exact
does,L2,features,120.12,neutral,exact
orders,L2,features,118.44,neutral,exact
items,L2,features,117.21,neutral,exact
business,L2,features,115.78,neutral,exact
using,L2,features,112.67,neutral,exact
thanks,L2,features,111.0,neutral,exact
inventory,L2,features,110.56,neutral,exact
item,L2,features,109.82,neutral,exact
brand,L2,features,109.6,neutral,exact
email,L2,features,107.63,neutral,exact
theme,L2,features,107.32,neutral,exact
fba,L2,features,106.14,neutral,exact
looking,L2,features,104.83,neutral,exact
customers,L2,features,103.71,neutral,exact
price,L2,features,98.39,neutral,exact
listing,L2,features,96.34,neutral,exact
days,L2,features,96.29,neutral,exact
different,L2,features,95.32,neutral,exact
add,L2,features,94.37,neutral,exact
website,L2,features,93.28,neutral,exact
site,L2,features,92.05,neutral,exact
trying,L2,features,91.53,neutral,exact
ads,L2,features,90.84,neutral,exact
set,L2,features,90.46,neutral,exact
people,L2,features,89.0,neutral,exact
got,L2,features,86.39,neutral,exact
good,L2,features,84.38,positive,exact
support,L2,features,84.11,neutral,exact
work,L2,features,84.06,neutral,exact
apps,L2,features,83.97,neutral,exact
really,L2,features,83.45,neutral,exact
getting,L2,features,82.93,neutral,exact
free,L2,features,82.46,neutral,exact
buy,L2,features,80.96,neutral,exact
day,L2,features,78.94,neutral,exact
post,L2,features,78.66,neutral,exact
best,L2,features,78.23,positive,exact
shop,L2,features,77.35,neutral,exact
month,L2,features,74.98,neutral,exact
advice,L2,features,74.61,neutral,exact
going,L2,features,73.4,neutral,exact
box,L2,features,72.91,neutral,exact
shopify store,L2,features,72.76,neutral,phrase
cart,L2,features,72.52,neutral,exact
did,L2,features,72.43,neutral,exact
question,L2,features,72.4,neutral,exact
address,L2,features,72.33,neutral,exact
create,L2,features,71.81,neutral,exact
pay,L2,features,71.47,neutral,exact
tried,L2,features,70.97,neutral,exact
code,L2,features,70.48,neutral,exact
hey,L2,features,70.41,neutral,exact
used,L2,features,69.96,neutral,exact
guys,L2,features,69.96,neutral,exact
thank,L2,features,69.19,neutral,exact
months,L2,features,68.74,neutral,exact
currently,L2,features,67.36,neutral,exact
sure,L2,features,67.34,neutral,exact
stock,L2,features,66.97,neutral,exact
sellers,L2,features,66.89,neutral,exact
company,L2,features,66.32,neutral,exact
checkout,L2,features,66.07,neutral,exact
small,L2,features,66.01,neutral,exact
start,L2,features,65.48,neutral,exact
option,L2,features,65.37,neutral,exact
right,L2,features,65.28,neutral,exact
experience,L2,features,64.73,neutral,exact
doing,L2,features,64.56,neutral,exact
online,L2,features,64.3,neutral,exact
able,L2,features,63.98,neutral,exact
hello,L2,features,63.55,neutral,exact
doesn,L2,features,63.09,neutral,exact
options,L2,features,62.86,neutral,exact
x200b,L2,features,62.75,neutral,exact
amp x200b,L2,features,62.75,neutral,phrase
having,L2,features,62.53,neutral,exact
number,L2,features,62.07,neutral,exact
custom,L2,features,61.92,neutral,exact
cost,L2,features,61.74,neutral,exact
started,L2,features,60.4,neutral,exact
years,L2,features,60.37,neutral,exact
tiktok,L3,brands,62.26,neutral,exact
aliexpress,L3,brands,55.5,neutral,exact
videos,L3,brands,34.24,neutral,exact
instagram,L3,brands,28.83,neutral,exact
newbie,L3,brands,23.46,neutral,exact
ctr,L3,brands,23.3,neutral,exact
views,L3,brands,22.55,neutral,exact
target,L3,brands,20.47,neutral,exact
cpc,L3,brands,19.93,neutral,exact
paypal,L3,brands,18.85,neutral,exact
alibaba,L3,brands,18.52,neutral,exact
ecommerce,L3,brands,16.38,neutral,exact
conversion rate,L3,brands,15.49,neutral,exact
llc,L3,brands,13.66,neutral,exact
feel like,L3,pain_points,15.17,negative,phrase
doing wrong,L3,pain_points,10.8,negative,phrase
banned,L3,pain_points,10.14,negative,exact
feel free,L3,pain_points,9.79,negative,phrase
problems,L3,pain_points,9.69,negative,exact
saturated,L3,pain_points,8.69,negative,exact
failed,L3,pain_points,8.41,negative,exact
abandoned,L3,pain_points,7.67,negative,exact
dropshipping,L3,features,130.52,neutral,exact
thread,L3,features,58.94,neutral,exact
karma,L3,features,58.64,neutral,exact
questions,L3,features,55.5,neutral,exact
supplier,L3,features,51.44,neutral,exact
money,L3,features,50.51,neutral,exact
drop,L3,features,50.38,neutral,exact
dropship,L3,features,49.27,neutral,exact
niche,L3,features,46.08,neutral,exact
video,L3,features,44.62,neutral,exact
comment,L3,features,44.17,neutral,exact
suppliers,L3,features,42.73,neutral,exact
running,L3,features,41.71,neutral,exact
marketing,L3,features,40.44,neutral,exact
weekly,L3,features,40.06,neutral,exact
lot,L3,features,39.41,neutral,exact
critiques,L3,features,39.06,neutral,exact
amp store,L3,features,39.03,neutral,phrase
store critiques,L3,features,39.03,neutral,phrase
better,L3,features,38.05,neutral,exact
stores,L3,features,37.94,neutral,exact
drop shipping,L3,features,34.91,neutral,phrase
china,L3,features,34.63,neutral,exact
testing,L3,features,34.62,neutral,exact
hours,L3,features,34.14,neutral,exact
actually,L3,features,33.62,neutral,exact
let,L3,features,33.53,neutral,exact
things,L3,features,33.06,neutral,exact
run,L3,features,33.04,neutral,exact
campaign,L3,features,32.99,neutral,exact
watch,L3,features,32.28,neutral,exact
high,L3,features,32.18,neutral,exact
long,L3,features,31.92,neutral,exact
look,L3,features,30.93,neutral,exact
link,L3,features,30.92,neutral,exact
profit,L3,features,30.84,neutral,exact
budget,L3,features,30.51,neutral,exact
love,L3,features,30.5,positive,exact
test,L3,features,30.36,neutral,exact
starting,L3,features,29.86,neutral,exact
total,L3,features,29.52,neutral,exact
making,L3,features,29.51,neutral,exact
spend,L3,features,29.41,neutral,exact
simple,L3,features,29.17,neutral,exact
ship,L3,features,28.74,neutral,exact
week,L3,features,28.69,neutral,exact
working,L3,features,28.69,neutral,exact
wondering,L3,features,28.47,neutral,exact
times,L3,features,28.08,neutral,exact
facebook ads,L3,features,27.93,neutral,phrase
try,L3,features,27.9,neutral,exact
market,L3,features,27.66,neutral,exact
say,L3,features,27.58,neutral,exact
traffic,L3,features,26.66,neutral,exact
youtube com,L3,features,26.53,neutral,phrase
share,L3,features,26.45,neutral,exact
commerce,L3,features,26.43,neutral,exact
based,L3,features,26.27,neutral,exact
research,L3,features,26.27,neutral,exact
idea,L3,features,26.16,neutral,exact
audience,L3,features,25.86,neutral,exact
rate,L3,features,25.82,neutral,exact
real,L3,features,25.7,neutral,exact
spent,L3,features,25.65,neutral,exact
www youtube com,L3,features,25.64,neutral,phrase
www youtube,L3,features,25.64,neutral,phrase
youtube com watch,L3,features,25.59,neutral,phrase
com watch,L3,features,25.59,neutral,phrase
thing,L3,features,25.55,neutral,exact
new dropshipping,L3,features,25.19,neutral,phrase
tips,L3,features,24.66,neutral,exact
profitable,L3,features,24.63,neutral,exact
service,L3,features,24.51,neutral,exact
creatives,L3,features,24.46,neutral,exact
dropshippers,L3,features,24.27,neutral,exact
winning,L3,features,24.18,neutral,exact
appreciated,L3,features,24.09,neutral,exact
year,L3,features,24.04,neutral,exact
store,L3,features,155.48,neutral,exact
product,L3,features,146.21,neutral,exact
dropshipping,L3,features,130.52,neutral,exact
ads,L3,features,123.18,neutral,exact
products,L3,features,107.62,neutral,exact
shipping,L3,features,90.81,neutral,exact
sales,L3,features,78.48,neutral,exact
people,L3,features,76.1,neutral,exact
website,L3,features,73.61,neutral,exact
time,L3,features,73.57,neutral,exact
ecom,L4,brands,26.4,neutral,exact
discord,L4,brands,18.97,neutral,exact
ugc,L4,brands,16.77,neutral,exact
digital,L4,brands,15.18,neutral,exact
drive,L4,brands,13.05,neutral,exact
stripe,L4,brands,12.04,neutral,exact
cpm,L4,brands,11.29,neutral,exact
usd,L4,brands,10.68,neutral,exact
canva,L4,brands,10.63,neutral,exact
chatgpt,L4,brands,10.53,neutral,exact
google ads,L4,brands,10.41,neutral,exact
smart,L4,brands,9.83,neutral,exact
affiliate,L4,brands,9.43,neutral,exact
etsy,L4,brands,8.53,neutral,exact
walmart,L4,brands,7.72,neutral,exact
customer service,L4,brands,7.4,neutral,exact
preview,L4,pain_points,28.02,negative,exact
preview redd,L4,pain_points,27.38,negative,phrase
feels,L4,pain_points,16.25,negative,exact
lately,L4,pain_points,9.79,negative,exact
feeling,L4,pain_points,9.64,negative,exact
feels like,L4,pain_points,9.13,negative,phrase
fail,L4,pain_points,6.97,negative,exact
negative,L4,pain_points,4.92,negative,exact
png,L4,features,45.23,neutral,exact
que,L4,features,34.92,neutral,exact
results,L4,features,34.49,neutral,exact
auto,L4,features,32.77,neutral,exact
organic,L4,features,32.63,neutral,exact
build,L4,features,31.34,neutral,exact
ask,L4,features,30.81,neutral,exact
today,L4,features,29.85,neutral,exact
payment,L4,features,29.64,neutral,exact
learn,L4,features,29.47,neutral,exact
offer,L4,features,29.46,neutral,exact
ago,L4,features,29.05,neutral,exact
format,L4,features,29.05,neutral,exact
interested,L4,features,29.03,neutral,exact
tools,L4,features,29.02,neutral,exact
works,L4,features,28.52,neutral,exact
webp,L4,features,27.72,neutral,exact
scale,L4,features,27.61,neutral,exact
building,L4,features,27.53,neutral,exact
meta ads,L4,features,27.5,neutral,phrase
redd,L4,features,27.49,neutral,exact
width,L4,features,27.45,neutral,exact
amp auto,L4,features,27.4,neutral,phrase
auto webp amp,L4,features,27.38,neutral,phrase
amp format,L4,features,27.38,neutral,phrase
webp amp,L4,features,27.38,neutral,phrase
auto webp,L4,features,27.38,neutral,phrase
amp auto webp,L4,features,27.38,neutral,phrase
course,L4,features,26.91,neutral,exact
appreciate,L4,features,26.38,neutral,exact
quality,L4,features,26.32,neutral,exact
need help,L4,features,25.09,neutral,phrase
far,L4,features,24.49,neutral,exact
brands,L4,features,24.43,neutral,exact
design,L4,features,24.13,neutral,exact
advance,L4,features,24.12,neutral,exact
finally,L4,features,24.11,neutral,exact
check,L4,features,24.05,neutral,exact
weeks,L4,features,24.02,neutral,exact
big,L4,features,23.77,neutral,exact
maybe,L4,features,23.5,neutral,exact
data,L4,features,23.39,neutral,exact
tell,L4,features,23.1,neutral,exact
paid,L4,features,23.04,neutral,exact
fast,L4,features,23.01,neutral,exact
dropshipping store,L4,features,22.93,neutral,phrase
reddit,L4,features,22.76,neutral,exact
wanted,L4,features,22.75,neutral,exact
png amp,L4,features,22.59,neutral,phrase
format png amp,L4,features,22.59,neutral,phrase
format png,L4,features,22.59,neutral,phrase
png width,L4,features,22.59,neutral,phrase
amp format png,L4,features,22.59,neutral,phrase
png amp auto,L4,features,22.59,neutral,phrase
understand,L4,features,22.5,neutral,exact
purchase,L4,features,22.44,neutral,exact
launched,L4,features,22.43,neutral,exact
ready,L4,features,22.4,neutral,exact
improve,L4,features,22.39,neutral,exact
possible,L4,features,22.24,neutral,exact
didn,L4,features,22.04,neutral,exact
let know,L4,features,21.98,neutral,phrase
worth,L4,features,21.85,neutral,exact
low,L4,features,21.84,neutral,exact
tool,L4,features,21.76,neutral,exact
built,L4,features,21.68,neutral,exact
conversions,L4,features,21.64,neutral,exact
send,L4,features,21.38,neutral,exact
fulfillment,L4,features,21.33,neutral,exact
focus,L4,features,21.24,neutral,exact
success,L4,features,21.23,neutral,exact
isn,L4,features,21.16,neutral,exact
thinking,L4,features,21.11,neutral,exact
social,L4,features,21.1,neutral,exact
sessions,L4,features,21.1,neutral,exact
hard,L4,features,20.94,neutral,exact
recently,L4,features,20.75,neutral,exact
happy,L4,features,20.73,neutral,exact
great,L4,features,20.47,positive,exact
honest,L4,features,20.42,neutral,exact
hear,L4,features,20.34,neutral,exact
strategy,L4,features,20.33,neutral,exact
revenue,L4,features,20.2,neutral,exact
community,L4,features,20.14,neutral,exact
little,L4,features,20.09,neutral,exact
fix,L4,features,20.02,neutral,exact
stuff,L4,features,20.01,neutral,exact
don know,L4,features,19.89,neutral,phrase
creative,L4,features,19.87,neutral,exact
scaling,L4,features,19.81,neutral,exact
curious,L4,features,19.8,neutral,exact
hit,L4,features,19.77,neutral,exact
costs,L4,features,19.71,neutral,exact
hey guys,L4,features,19.69,neutral,phrase
comments,L4,features,19.57,neutral,exact
launch,L4,features,19.56,neutral,exact
pretty,L4,features,19.47,neutral,exact
haven,L4,features,19.43,neutral,exact
come,L4,features,19.42,neutral,exact
tracking,L4,features,19.3,neutral,exact
dropshipping,L4,features,160.74,neutral,exact
store,L4,features,157.28,neutral,exact
product,L4,features,143.21,neutral,exact
ads,L4,features,139.79,neutral,exact
sales,L4,features,105.53,neutral,exact
products,L4,features,105.41,neutral,exact
help,L4,features,102.88,neutral,exact
need,L4,features,79.8,neutral,exact
people,L4,features,78.99,neutral,exact
shipping,L4,features,78.62,neutral,exact
day,L4,features,78.35,neutral,exact
new,L4,features,77.53,neutral,exact
don,L4,features,75.92,neutral,exact
time,L4,features,71.36,neutral,exact
start,L4,features,70.15,neutral,exact
website,L4,features,69.75,neutral,exact
woocommerce,L1,brands,30.69,neutral,exact
software,L1,brands,28.49,neutral,exact
wordpress,L1,brands,17.97,neutral,exact
usps,L1,brands,15.32,neutral,exact
wix,L1,brands,15.12,neutral,exact
standard,L1,brands,13.24,neutral,exact
apple,L1,brands,11.59,neutral,exact
whatsapp,L1,brands,11.58,neutral,exact
temu,L1,brands,10.89,neutral,exact
api,L1,brands,10.7,neutral,exact
newsletter,L1,brands,10.56,neutral,exact
bigcommerce,L1,brands,9.82,neutral,exact
state,L1,brands,9.45,neutral,exact
fedex,L1,brands,9.45,neutral,exact
customs,L1,pain_points,13.6,negative,exact
feed,L1,pain_points,7.88,negative,exact
ban,L1,pain_points,4.17,negative,exact
platform,L1,features,55.17,neutral,exact
___,L1,features,46.4,neutral,exact
platforms,L1,features,32.33,neutral,exact
process,L1,features,32.1,neutral,exact
users,L1,features,30.68,neutral,exact
similar,L1,features,29.63,neutral,exact
example,L1,features,28.85,neutral,exact
said,L1,features,28.27,neutral,exact
plan,L1,features,27.88,neutral,exact
search,L1,features,27.82,neutral,exact
suggestions,L1,features,27.45,neutral,exact
bit,L1,features,27.36,neutral,exact
companies,L1,features,27.34,neutral,exact
services,L1,features,27.17,neutral,exact
rates,L1,features,27.11,neutral,exact
thanks advance,L1,features,26.92,neutral,phrase
emails,L1,features,26.88,neutral,exact
media,L1,features,26.81,neutral,exact
thoughts,L1,features,26.71,neutral,exact
end,L1,features,26.67,neutral,exact
specific,L1,features,26.24,neutral,exact
worked,L1,features,26.23,neutral,exact
point,L1,features,26.17,neutral,exact
value,L1,features,25.62,neutral,exact
open,L1,features,25.6,neutral,exact
clothing,L1,features,25.35,neutral,exact
handle,L1,features,25.25,neutral,exact
solution,L1,features,25.11,neutral,exact
sites,L1,features,24.93,neutral,exact
shopping,L1,features,24.69,neutral,exact
delivery,L1,features,24.24,neutral,exact
past,L1,features,24.2,neutral,exact
recommend,L1,features,24.14,neutral,exact
prices,L1,features,23.84,neutral,exact
payments,L1,features,23.8,neutral,exact
tax,L1,features,23.62,neutral,exact
love hear,L1,features,23.6,positive,phrase
recommendations,L1,features,23.5,neutral,exact
list,L1,features,23.36,neutral,exact
pricing,L1,features,23.29,neutral,exact
social media,L1,features,23.22,neutral,phrase
businesses,L1,features,23.15,neutral,exact
multiple,L1,features,23.1,neutral,exact
easy,L1,features,23.09,neutral,exact
figure,L1,features,22.74,neutral,exact
seen,L1,features,22.46,neutral,exact
large,L1,features,22.25,neutral,exact
ideas,L1,features,22.21,neutral,exact
main,L1,features,21.94,neutral,exact
increase,L1,features,21.91,neutral,exact
discount,L1,features,21.89,neutral,exact
thought,L1,features,21.83,neutral,exact
kind,L1,features,21.82,neutral,exact
3pl,L1,features,21.55,neutral,exact
user,L1,features,21.53,neutral,exact
change,L1,features,21.45,neutral,exact
images,L1,features,21.42,neutral,exact
especially,L1,features,21.4,neutral,exact
imgur,L1,features,21.25,neutral,exact
imgur com,L1,features,21.25,neutral,phrase
packaging,L1,features,21.23,neutral,exact
information,L1,features,21.04,neutral,exact
country,L1,features,21.02,neutral,exact
case,L1,features,20.93,neutral,exact
pages,L1,features,20.58,neutral,exact
makes,L1,features,20.42,neutral,exact
marketplace,L1,features,20.34,neutral,exact
job,L1,features,20.34,neutral,exact
insights,L1,features,20.31,neutral,exact
domain,L1,features,20.24,neutral,exact
place,L1,features,20.23,neutral,exact
owners,L1,features,20.15,neutral,exact
advertising,L1,features,20.09,neutral,exact
instead,L1,features,19.99,neutral,exact
quite,L1,features,19.94,neutral,exact
including,L1,features,19.8,neutral,exact
couple,L1,features,19.73,neutral,exact
sold,L1,features,19.71,neutral,exact
product,L1,features,143.76,neutral,exact
store,L1,features,121.0,neutral,exact
commerce,L1,features,106.16,neutral,exact
website,L1,features,105.31,neutral,exact
business,L1,features,104.19,neutral,exact
products,L1,features,103.26,neutral,exact
sales,L1,features,97.75,neutral,exact
ads,L1,features,97.73,neutral,exact
new,L1,features,95.08,neutral,exact
shipping,L1,features,88.49,neutral,exact
site,L1,features,86.57,neutral,exact
time,L1,features,85.62,neutral,exact
people,L1,features,82.55,neutral,exact
need,L1,features,82.03,neutral,exact
help,L1,features,79.85,neutral,exact
