社区名称,原Tier,原优先级,分类,帖子数,新Tier
r/AmazonWFShoppers,medium,medium,"['crossborder', 'ecommerce', 'where_to_sell']",1302,high
r/EtsySellers,high,high,"['crossborder', 'ecommerce', 'where_to_sell']",1292,high
r/FacebookAds,medium,medium,"['crossborder', 'ecommerce', 'how_to_sell']",1292,high
r/Aliexpress,high,high,"['crossborder', 'ecommerce', 'where_to_sell']",1272,high
r/AmazonFlexDrivers,high,high,"['crossborder', 'ecommerce', 'where_to_sell']",1270,high
r/bigseo,medium,medium,"['crossborder', 'ecommerce', 'how_to_sell']",1252,high
r/dropshipping,medium,medium,"['crossborder', 'ecommerce', 'how_to_source']",1251,high
r/amazonecho,high,high,"['crossborder', 'ecommerce', 'where_to_sell']",1249,high
r/Legomarket,medium,medium,"['crossborder', 'ecommerce', 'what_to_sell']",1248,high
r/FulfillmentByAmazon,medium,medium,"['crossborder', 'ecommerce', 'where_to_sell', 'how_to_source']",1243,high
r/dropship,medium,medium,"['crossborder', 'ecommerce', 'how_to_source']",1243,high
r/amazonprime,high,high,"['crossborder', 'ecommerce', 'where_to_sell']",1241,high
r/FASCAmazon,high,high,"['crossborder', 'ecommerce', 'where_to_sell']",1240,high
r/peopleofwalmart,high,high,"['crossborder', 'ecommerce', 'where_to_sell']",1239,high
r/AliExpressBR,high,high,"['crossborder', 'ecommerce', 'where_to_sell']",1236,high
r/Etsy,high,high,"['crossborder', 'ecommerce', 'where_to_sell']",1234,high
r/stickerstore,medium,medium,"['crossborder', 'ecommerce', 'where_to_sell']",1225,high
r/digital_marketing,medium,medium,"['crossborder', 'ecommerce', 'what_to_sell', 'how_to_sell']",1222,high
r/AmazonMerch,medium,medium,"['crossborder', 'ecommerce', 'where_to_sell']",1218,high
r/amazon,high,high,"['crossborder', 'ecommerce', 'where_to_sell']",1218,high
r/Amazon_Influencer,medium,medium,"['crossborder', 'ecommerce', 'how_to_sell', 'where_to_sell']",1209,high
r/logistics,medium,medium,"['crossborder', 'ecommerce', 'how_to_source']",1208,high
r/AmazonSeller,medium,medium,"['crossborder', 'ecommerce', 'where_to_sell']",1202,high
r/TikTokshop,medium,medium,"['crossborder', 'ecommerce', 'how_to_sell', 'where_to_sell']",1200,high
r/BestAliExpressFinds,medium,medium,"['crossborder', 'ecommerce', 'what_to_sell', 'where_to_sell']",1196,high
r/TechSEO,medium,medium,"['crossborder', 'ecommerce', 'how_to_sell']",1195,high
r/AmazonFBA,medium,medium,"['crossborder', 'ecommerce', 'where_to_sell']",1188,high
r/AmazonFBAOnlineRetail,medium,medium,"['crossborder', 'ecommerce', 'where_to_sell']",1185,high
r/News_Walmart,medium,medium,"['crossborder', 'ecommerce', 'where_to_sell']",1184,high
r/printondemand,medium,medium,"['crossborder', 'ecommerce', 'what_to_sell']",1165,high
r/walmart_RX,medium,medium,"['crossborder', 'ecommerce', 'where_to_sell']",1163,high
r/amazonemployees,high,high,"['crossborder', 'ecommerce', 'where_to_sell']",1158,high
r/WalmartSellers,medium,medium,"['crossborder', 'ecommerce', 'where_to_sell']",1132,high
r/WalmartCanada,medium,medium,"['crossborder', 'ecommerce', 'where_to_sell']",1126,high
r/AmazonFBATips,medium,medium,"['crossborder', 'ecommerce', 'where_to_sell']",1119,high
r/ecommercemarketing,medium,medium,"['crossborder', 'ecommerce', 'what_to_sell', 'how_to_sell']",1113,high
r/Dropshipping_Guide,medium,medium,"['crossborder', 'ecommerce', 'how_to_source']",1112,high
r/SpellcasterReviews,medium,medium,"['crossborder', 'ecommerce', 'how_to_sell']",1101,high
r/AmazonWTF,high,high,"['crossborder', 'ecommerce', 'where_to_sell']",1093,high
r/ShopifyeCommerce,medium,medium,"['crossborder', 'ecommerce', 'where_to_sell']",1088,high
r/shopifyDev,medium,medium,"['crossborder', 'ecommerce', 'where_to_sell']",1074,high
r/MerchByAmazon,medium,medium,"['crossborder', 'ecommerce', 'where_to_sell']",1072,high
r/DropshippingTips,medium,medium,"['crossborder', 'ecommerce', 'how_to_source']",1058,high
r/amazonfresh,medium,medium,"['crossborder', 'ecommerce', 'where_to_sell']",1058,high
r/AntiAmazon,high,high,"['crossborder', 'ecommerce', 'where_to_sell']",1005,high
r/ShopifyAppDev,medium,medium,"['crossborder', 'ecommerce', 'where_to_sell']",1004,high
r/fuckamazon,high,high,"['crossborder', 'ecommerce', 'where_to_sell']",1004,high
r/AmazonAnswers,high,high,"['crossborder', 'ecommerce', 'where_to_sell']",1004,high
r/RandomActsofEtsy,medium,medium,"['crossborder', 'ecommerce', 'where_to_sell']",975,medium
r/EtsyAdvertise,medium,medium,"['crossborder', 'ecommerce', 'where_to_sell']",966,medium
r/ShopifySEO,medium,medium,"['crossborder', 'ecommerce', 'how_to_sell', 'where_to_sell']",880,medium
r/TikTokShopSellersClub,medium,medium,"['crossborder', 'ecommerce', 'how_to_sell', 'where_to_sell']",814,medium
r/AmazonUnder5,medium,medium,"['crossborder', 'ecommerce', 'where_to_sell']",737,medium
r/walmartpeople,medium,medium,"['crossborder', 'ecommerce', 'where_to_sell']",726,medium
r/amazonsellers,medium,medium,"['crossborder', 'ecommerce', 'where_to_sell']",710,medium
r/Shopify,medium,medium,"['crossborder', 'ecommerce', 'where_to_sell']",702,medium
r/eCommerceSEO,medium,medium,"['crossborder', 'ecommerce', 'how_to_sell']",680,medium
r/AmazonArgentina,medium,medium,"['crossborder', 'ecommerce', 'where_to_sell']",656,medium
r/AmazonPrimeDeals,medium,medium,"['crossborder', 'ecommerce', 'where_to_sell']",656,medium
r/SellingOnAmazonFBA,medium,medium,"['crossborder', 'ecommerce', 'where_to_sell']",646,medium
r/EtsyTrafficJamTeam,medium,medium,"['crossborder', 'ecommerce', 'where_to_sell']",636,medium
r/Amazonsellercentral,medium,medium,"['crossborder', 'ecommerce', 'where_to_sell']",610,medium
r/shopify,medium,medium,"['crossborder', 'ecommerce', 'where_to_sell']",533,medium
r/AmazonWarehouse,low,low,"['crossborder', 'ecommerce', 'where_to_sell']",449,low
r/eCommerceFulfillment,low,low,"['crossborder', 'ecommerce', 'how_to_source']",376,low
r/BestBuyAliexpress,low,low,"['crossborder', 'ecommerce', 'where_to_sell']",329,low
r/DropshippingBiz,low,low,"['crossborder', 'ecommerce', 'how_to_source']",272,low
r/AmazonFlex,low,low,"['crossborder', 'ecommerce', 'where_to_sell']",260,low
r/etsylistings,low,low,"['crossborder', 'ecommerce', 'where_to_sell']",243,low
r/Shopify_Users,low,low,"['crossborder', 'ecommerce', 'where_to_sell']",239,low
r/EtsyHelp,low,low,"['crossborder', 'ecommerce', 'where_to_sell']",235,low
r/SEO_Marketing_Offers,low,low,"['crossborder', 'ecommerce', 'what_to_sell', 'how_to_sell']",232,low
r/WalmartAssociates,low,low,"['crossborder', 'ecommerce', 'where_to_sell']",217,low
r/ShopifyDevelopment,low,low,"['crossborder', 'ecommerce', 'where_to_sell']",216,low
r/wtf_amazon,low,low,"['crossborder', 'ecommerce', 'where_to_sell']",213,low
r/tiktok_shop_sellers,low,low,"['crossborder', 'ecommerce', 'how_to_sell', 'where_to_sell']",209,low
r/aliexpressreviews,low,low,"['crossborder', 'ecommerce', 'how_to_sell', 'where_to_sell']",209,low
r/EtsyStrike,medium,medium,"['crossborder', 'ecommerce', 'where_to_sell']",204,low
r/SEO,medium,medium,"['crossborder', 'ecommerce', 'how_to_sell']",200,low
r/PrivateLabelSellers,low,low,"['crossborder', 'ecommerce', 'where_to_sell']",196,low
r/FBAsourcing,low,low,"['crossborder', 'ecommerce', 'how_to_source']",195,low
r/ShopifyWebsites,low,low,"['crossborder', 'ecommerce', 'where_to_sell']",189,low
r/AmazonFBAforNewbies,low,low,"['crossborder', 'ecommerce', 'where_to_sell']",187,low
r/AchadinhosDaShopeeBR,low,low,"['crossborder', 'ecommerce', 'where_to_sell']",184,low
r/DropshippingNinja,low,low,"['crossborder', 'ecommerce', 'how_to_source']",178,low
r/SuppliersInUSA,low,low,"['crossborder', 'ecommerce', 'how_to_source']",176,low
r/marketing,medium,medium,"['crossborder', 'ecommerce', 'what_to_sell', 'how_to_sell']",171,low
r/AngelnmitAliexpress,low,low,"['crossborder', 'ecommerce', 'where_to_sell']",170,low
r/lazadareviews,low,low,"['crossborder', 'ecommerce', 'how_to_sell']",168,low
r/AmazonKDP,low,low,"['crossborder', 'ecommerce', 'where_to_sell']",143,low
r/etsycirclejerk,medium,medium,"['crossborder', 'ecommerce', 'where_to_sell']",129,low
r/AnywhereButAmazon,medium,medium,"['crossborder', 'ecommerce', 'where_to_sell']",126,low
r/LazShop_PH,low,low,"['crossborder', 'ecommerce', 'where_to_sell']",122,low
r/TikTokShopSellers,low,low,"['crossborder', 'ecommerce', 'how_to_sell', 'where_to_sell']",121,low
r/WalmartHealth,low,low,"['crossborder', 'ecommerce', 'where_to_sell']",116,low
r/EtsyUK,low,low,"['crossborder', 'ecommerce', 'where_to_sell']",113,low
r/DropshippingService,low,low,"['crossborder', 'ecommerce', 'how_to_source']",112,low
r/tiktokshopsaffiliates,low,low,"['crossborder', 'ecommerce', 'how_to_sell', 'where_to_sell']",96,very_low
r/WalmartComplaints,low,low,"['crossborder', 'ecommerce', 'where_to_sell']",96,very_low
r/DropshippingST,low,low,"['crossborder', 'ecommerce', 'how_to_source']",95,very_low
r/Dropshipsupplier,low,low,"['crossborder', 'ecommerce', 'how_to_source']",93,very_low
r/ShopeeLazadaTiktokPH,low,low,"['crossborder', 'ecommerce', 'how_to_sell', 'where_to_sell']",92,very_low
r/EtsyTeam,low,low,"['crossborder', 'ecommerce', 'where_to_sell']",89,very_low
r/walmartTales,low,low,"['crossborder', 'ecommerce', 'where_to_sell']",87,very_low
r/shopeeItems,low,low,"['crossborder', 'ecommerce', 'where_to_sell']",82,very_low
r/deAmazon,low,low,"['crossborder', 'ecommerce', 'where_to_sell']",77,very_low
r/Walmart_Creatures,low,low,"['crossborder', 'ecommerce', 'where_to_sell']",74,very_low
r/Aliexpress_Addicts,low,low,"['crossborder', 'ecommerce', 'where_to_sell']",73,very_low
r/ShopifyDeals,low,low,"['crossborder', 'ecommerce', 'where_to_sell']",69,very_low
r/EtsyCollections,low,low,"['crossborder', 'ecommerce', 'where_to_sell']",68,very_low
r/AmazonFBASellerhelp,low,low,"['crossborder', 'ecommerce', 'where_to_sell']",67,very_low
r/AmazonFBANinja,low,low,"['crossborder', 'ecommerce', 'where_to_sell']",66,very_low
r/AllThingsAmazonFBA,low,low,"['crossborder', 'ecommerce', 'where_to_sell']",66,very_low
r/VintageEtsy,low,low,"['crossborder', 'ecommerce', 'where_to_sell']",65,very_low
r/Shopifynews,low,low,"['crossborder', 'ecommerce', 'where_to_sell']",62,very_low
r/DropshipMarketing,low,low,"['crossborder', 'ecommerce', 'what_to_sell', 'how_to_sell', 'how_to_source']",62,very_low
r/AliexpressRUssia,low,low,"['crossborder', 'ecommerce', 'where_to_sell']",61,very_low
r/Aliexpress_tips,low,low,"['crossborder', 'ecommerce', 'where_to_sell']",61,very_low
r/Shopify_Success,low,low,"['crossborder', 'ecommerce', 'where_to_sell']",61,very_low
r/etsyjewelry,low,low,"['crossborder', 'ecommerce', 'where_to_sell']",60,very_low
r/EtsyPrintfulSellers,low,low,"['crossborder', 'ecommerce', 'where_to_sell']",59,very_low
r/shopifystoreowners,low,low,"['crossborder', 'ecommerce', 'where_to_sell']",53,very_low
r/AliexpressCheap,low,low,"['crossborder', 'ecommerce', 'where_to_sell']",52,very_low
r/WalmartDeals,low,low,"['crossborder', 'ecommerce', 'where_to_sell']",51,very_low
