name,tier,is_active,actual_post_count,last_post_date
r/cordlesstools,semantic,t,0,
r/cryptocurrency,high,t,0,
r/cscareerquestions,high,t,0,
r/fitness,high,t,0,
r/investing,high,t,0,
r/kitchengadgets,semantic,t,0,
r/learnprogramming,high,t,0,
r/programming,high,t,0,
r/realestate,high,t,0,
r/remotework,high,t,0,
r/softwareengineering,high,t,0,
r/stocks,high,t,0,
r/travel,high,t,0,
r/ultralightgear,semantic,t,0,
r/fbaonlineretail,medium,t,1,2017-10-03 05:39:38+08
r/budgettravel,semantic,t,2,2025-10-03 20:26:14+08
r/coffeegear,semantic,t,2,2013-11-12 18:51:06+08
r/shopifydropship,medium,t,2,2019-12-06 15:01:08+08
r/uscreditcards,semantic,t,2,2025-09-02 11:40:04+08
r/redis,medium,t,14,2025-11-25 08:05:24+08
r/shoestringtravel,semantic,t,21,2020-01-21 23:58:15+08
r/freelance,medium,t,22,2025-11-25 14:55:27+08
r/flask,medium,t,30,2025-11-24 22:55:43+08
r/mysql,medium,t,36,2025-11-26 13:49:15+08
r/venturecapital,medium,t,57,2025-11-28 05:11:54+08
r/laravel,medium,t,60,2025-11-27 01:22:34+08
r/watchhorology,semantic,t,60,2025-11-28 05:35:47+08
r/consulting,medium,t,67,2025-11-27 02:36:23+08
r/mongodb,medium,t,69,2025-11-27 06:55:03+08
r/typescript,medium,t,72,2025-11-27 14:52:55+08
r/database,medium,t,74,2025-11-27 05:26:06+08
r/bigdata,medium,t,75,2025-11-27 14:56:56+08
r/datascience,high,t,83,2025-11-27 05:01:48+08
r/matcha,semantic,t,86,2025-11-28 00:13:14+08
r/postgresql,medium,t,90,2025-11-27 02:32:54+08
r/ui_design,medium,t,99,2025-11-27 02:28:56+08
r/angular,medium,t,100,2025-11-27 07:53:08+08
r/artificial,high,t,100,2025-11-27 04:16:18+08
r/aws,high,t,100,2025-11-27 04:40:53+08
r/azure,medium,t,100,2025-11-26 20:01:10+08
r/backend,high,t,100,2025-11-27 21:32:25+08
r/csharp,medium,t,100,2025-11-27 00:38:25+08
r/dataengineering,medium,t,100,2025-11-27 03:54:11+08
r/deeplearning,medium,t,100,2025-11-27 20:04:54+08
r/devops,high,t,100,2025-11-27 11:57:49+08
r/django,medium,t,100,2025-11-27 05:22:43+08
r/docker,medium,t,100,2025-11-27 10:13:30+08
r/dotnet,medium,t,100,2025-11-27 04:03:10+08
r/frontend,high,t,100,2025-11-27 07:33:39+08
r/golang,medium,t,100,2025-11-26 05:01:01+08
r/java,medium,t,100,2025-11-27 11:48:31+08
r/javascript,high,t,100,2025-11-27 19:47:16+08
r/kubernetes,medium,t,100,2025-11-26 23:04:03+08
r/machinelearning,high,t,100,2025-11-27 09:35:57+08
r/node,high,t,100,2025-11-27 07:12:12+08
r/productmanagement,high,t,100,2025-11-27 09:37:45+08
r/python,high,t,100,2025-11-27 02:40:09+08
r/rails,medium,t,100,2025-11-26 21:02:17+08
r/reactjs,high,t,100,2025-11-27 13:10:41+08
r/rust,medium,t,100,2025-11-27 00:19:21+08
r/smallbusiness,high,t,100,2025-11-27 04:37:00+08
r/startups,high,t,100,2025-11-27 14:52:29+08
r/uxdesign,high,t,100,2025-11-27 16:46:59+08
r/vuejs,medium,t,100,2025-11-27 04:17:39+08
r/webdesign,medium,t,100,2025-11-27 17:54:58+08
r/saas,high,t,101,2025-11-27 19:18:08+08
r/sales,medium,t,101,2025-11-27 06:12:09+08
r/googlecloud,medium,t,103,2025-11-28 01:36:22+08
r/thrifty,semantic,t,110,2025-11-27 15:20:49+08
r/baking,medium,t,111,2025-11-27 23:15:19+08
r/dropshippingservice,medium,t,112,2024-11-06 20:15:32+08
r/etsyuk,semantic,f,113,2025-11-10 01:53:38+08
r/decorating,semantic,t,116,2025-11-22 10:16:54+08
r/walmarthealth,medium,t,116,2024-06-07 08:24:08+08
r/outdoorsgear,semantic,t,120,2025-11-28 01:07:14+08
r/familyissues,semantic,t,121,2025-11-28 10:49:18+08
r/lazshop_ph,semantic,f,123,2025-11-12 21:58:35+08
r/tiktokshopsellers,semantic,f,123,2025-11-14 10:03:55+08
r/anywherebutamazon,medium,t,126,2024-07-02 03:18:41+08
r/geartrade,semantic,t,126,2025-11-28 10:24:31+08
r/etsycirclejerk,semantic,f,129,2025-10-20 08:33:45+08
r/homeschool,semantic,t,141,2025-11-28 10:53:15+08
r/amazonkdp,medium,t,143,2020-04-12 14:38:08+08
r/education,semantic,t,144,2025-11-28 10:50:04+08
r/blendedfamilies,semantic,t,150,2025-11-28 01:40:38+08
r/overlanding,semantic,t,156,2025-11-28 10:36:37+08
r/stepparents,semantic,t,156,2025-11-28 11:03:41+08
r/home,semantic,t,157,2025-11-28 11:00:51+08
r/remodel,semantic,t,157,2025-11-28 10:48:55+08
r/autism_parenting,semantic,t,159,2025-11-28 10:50:34+08
r/parentingteenagers,semantic,t,159,2025-11-28 01:06:22+08
r/edcexchange,semantic,t,160,2025-11-28 03:40:41+08
r/fixit,semantic,t,163,2025-11-28 10:50:23+08
r/relationships,semantic,t,163,2025-11-28 10:28:32+08
r/toddlers,semantic,t,164,2025-11-28 10:48:19+08
r/homebuilding,semantic,t,165,2025-11-28 09:39:02+08
r/appliances,semantic,t,167,2025-11-28 10:54:57+08
r/handyman,semantic,t,167,2025-11-28 11:04:28+08
r/beyondthebump,semantic,t,168,2025-11-28 11:03:57+08
r/lazadareviews,semantic,f,169,2025-11-11 10:36:20+08
r/solar,semantic,t,169,2025-11-28 10:42:22+08
r/angelnmitaliexpress,semantic,f,170,2025-11-08 14:22:31+08
r/divorce,semantic,t,172,2025-11-28 10:11:17+08
r/mountaineering,semantic,t,173,2025-11-28 09:39:46+08
r/homebrewing,semantic,t,174,2025-11-28 10:21:40+08
r/suppliersinusa,semantic,f,177,2025-11-12 20:39:36+08
r/babybumps,semantic,t,178,2025-11-28 10:56:56+08
r/dropshippingninja,medium,t,178,2019-12-20 08:12:23+08
r/ikeahacks,semantic,t,180,2025-11-28 08:44:13+08
r/daddit,semantic,t,183,2025-11-28 10:29:55+08
r/pourover,semantic,t,183,2025-11-28 09:51:39+08
r/achadinhosdashopeebr,semantic,f,185,2025-11-12 01:12:33+08
r/askmen,semantic,t,186,2025-11-28 09:19:29+08
r/amazonfbafornewbies,semantic,f,187,2025-11-13 01:40:31+08
r/barista,semantic,t,190,2025-11-28 07:08:29+08
r/carpentry,semantic,t,191,2025-11-28 09:36:24+08
r/amitheasshole,semantic,t,194,2025-11-28 11:00:03+08
r/bikepacking,semantic,t,194,2025-11-28 00:54:17+08
r/fermentation,semantic,t,194,2025-11-28 06:39:43+08
r/fbasourcing,semantic,f,195,2025-11-10 12:36:03+08
r/privatelabelsellers,semantic,f,196,2025-11-11 08:33:31+08
r/raisedbynarcissists,semantic,t,196,2025-11-28 11:01:41+08
r/vent,semantic,t,196,2025-11-28 11:05:11+08
r/beer,semantic,t,198,2025-11-28 08:15:26+08
r/trailrunning,semantic,t,199,2025-11-28 10:00:32+08
r/seo,medium,t,200,2025-10-27 11:45:54+08
r/plumbing,semantic,t,201,2025-11-28 11:03:37+08
r/vanlife,semantic,t,203,2025-11-28 10:14:21+08
r/etsystrike,medium,t,204,2024-11-12 07:00:11+08
r/welding,semantic,t,206,2025-11-28 07:48:09+08
r/sousvide,semantic,t,207,2025-11-28 09:59:45+08
r/aliexpressreviews,semantic,f,209,2025-11-06 07:56:07+08
r/tiktok_shop_sellers,semantic,f,209,2025-11-07 22:53:20+08
r/marketing,high,t,212,2025-11-12 10:46:57+08
r/pens,semantic,t,212,2025-11-28 10:04:20+08
r/sideproject,semantic,t,212,2025-11-28 10:59:01+08
r/bbq,semantic,t,213,2025-11-28 11:03:04+08
r/cocktails,semantic,t,213,2025-11-28 10:49:28+08
r/electricians,semantic,t,213,2025-11-28 10:58:28+08
r/wtf_amazon,medium,t,213,2020-04-22 04:42:14+08
r/shopifywebsites,semantic,f,215,2025-11-13 05:34:58+08
r/shopifydevelopment,semantic,f,216,2025-11-08 10:55:34+08
r/tinyhouses,semantic,t,217,2025-11-26 06:33:00+08
r/walmartassociates,semantic,f,217,2025-11-07 05:12:37+08
r/knives,semantic,t,218,2025-11-28 11:02:29+08
r/hammockcamping,semantic,t,220,2025-11-28 07:37:13+08
r/flashlight,semantic,t,221,2025-11-28 11:01:34+08
r/wine,semantic,t,224,2025-11-28 10:59:36+08
r/workbenches,semantic,t,225,2025-11-27 10:30:44+08
r/multitools,semantic,t,227,2025-11-28 10:48:25+08
r/knifeclub,semantic,t,229,2025-11-28 10:58:44+08
r/tacticalgear,semantic,t,229,2025-11-28 10:53:54+08
r/etsyhelp,semantic,f,235,2025-11-05 08:07:53+08
r/shopify_users,semantic,f,239,2025-10-06 21:32:52+08
r/bushcraft,semantic,t,241,2025-11-28 11:00:33+08
r/etsylistings,medium,t,243,2023-05-03 22:05:42+08
r/lockpicking,semantic,t,244,2025-11-28 10:47:55+08
r/thrifting,semantic,t,247,2025-11-28 05:57:33+08
r/toolporn,semantic,t,254,2025-11-27 14:02:54+08
r/fixedgearbicycle,semantic,t,255,2025-11-28 10:38:47+08
r/amazonflex,medium,t,260,2020-04-20 19:31:54+08
r/preppers,semantic,t,264,2025-11-28 09:38:09+08
r/edc,semantic,t,265,2025-11-28 10:36:07+08
r/dropshippingbiz,medium,t,272,2024-06-23 01:16:35+08
r/seo_marketing_offers,semantic,f,280,2025-11-12 23:19:02+08
r/bestbuyaliexpress,semantic,f,332,2025-11-04 11:14:18+08
r/walmartworkers,medium,t,372,2025-11-07 10:20:35+08
r/ecommercefulfillment,medium,t,376,2020-08-30 14:10:31+08
r/amazonwarehouse,semantic,f,449,2025-11-11 08:03:07+08
r/amazonsellercentral,medium,t,628,2025-11-13 01:18:01+08
r/sellingonamazonfba,medium,t,646,2025-11-08 23:02:31+08
r/etsytrafficjamteam,medium,t,652,2025-10-23 01:03:07+08
r/amazonprimedeals,medium,t,657,2025-11-12 07:59:35+08
r/amazonargentina,medium,t,679,2025-11-13 03:06:14+08
r/ecommerceseo,medium,t,697,2025-11-12 18:14:41+08
r/amazonsellers,medium,t,710,2024-04-23 22:56:16+08
r/walmartpeople,medium,t,726,2023-02-26 13:36:27+08
r/amazonunder5,medium,t,737,2025-10-18 02:00:38+08
r/tiktokshopsellersclub,medium,t,814,2025-11-13 08:38:29+08
r/shopifyseo,medium,t,896,2025-11-12 21:45:57+08
r/etsyadvertise,medium,t,966,2023-09-19 01:20:59+08
r/randomactsofetsy,medium,t,975,2025-11-13 02:56:15+08
r/amazonanswers,high,t,1005,2025-11-25 00:00:40+08
r/antiamazon,high,f,1005,2025-09-13 05:17:54+08
r/amazonreviews,medium,t,1011,2025-11-27 18:35:24+08
r/shopifyappdev,high,t,1029,2025-11-27 09:09:07+08
r/flipping,medium,t,1030,2025-11-24 09:36:39+08
r/instacartshoppers,medium,t,1036,2025-11-24 11:43:32+08
r/fuckamazon,high,t,1043,2025-11-24 09:18:00+08
r/ecommerce,high,t,1044,2025-11-27 19:35:44+08
r/walmartemployees,medium,t,1051,2025-11-27 08:09:34+08
r/walmart,medium,t,1055,2025-11-27 05:28:43+08
r/amazonfc,medium,t,1076,2025-11-27 23:22:07+08
r/merchbyamazon,high,t,1078,2025-11-26 21:31:54+08
r/amazonfresh,high,t,1101,2025-11-25 19:34:01+08
r/amazonvine,medium,t,1104,2025-11-27 02:16:32+08
r/amazonwtf,high,t,1104,2025-11-27 00:49:16+08
r/amazondspdrivers,medium,t,1140,2025-11-28 03:58:19+08
r/dropshippingtips,high,t,1145,2025-11-28 09:01:00+08
r/ecommercemarketing,high,t,1153,2025-11-27 05:19:24+08
r/walmartsellers,high,t,1159,2025-11-27 07:52:29+08
r/dropshipping_guide,high,t,1161,2025-11-27 16:36:12+08
r/walmartcanada,high,t,1161,2025-11-27 11:07:40+08
r/shopifydev,high,t,1164,2025-11-27 01:47:37+08
r/shopifyecommerce,high,t,1173,2025-11-26 01:28:23+08
r/amazonfbatips,high,t,1174,2025-11-27 10:35:27+08
r/spellcasterreviews,high,t,1182,2025-11-26 15:53:52+08
r/news_walmart,high,f,1184,2022-11-28 16:24:23+08
r/bestaliexpressfinds,high,t,1220,2025-11-27 14:52:18+08
r/walmart_rx,high,t,1220,2025-11-26 22:46:28+08
r/printondemand,high,t,1222,2025-11-27 00:16:45+08
r/amazonemployees,high,t,1234,2025-11-27 08:46:07+08
r/techseo,high,t,1236,2025-11-27 20:48:29+08
r/amazonmerch,medium,t,1237,2025-11-24 03:17:02+08
r/stickerstore,high,t,1237,2025-11-26 22:05:41+08
r/amazonfbaonlineretail,high,t,1240,2025-11-27 07:05:37+08
r/peopleofwalmart,high,t,1246,2025-11-26 19:08:43+08
r/logistics,high,t,1253,2025-11-27 21:23:47+08
r/amazon_influencer,high,t,1266,2025-11-27 12:22:44+08
r/amazonseller,medium,t,1266,2025-11-25 04:11:30+08
r/amazon,high,t,1267,2025-11-27 22:00:04+08
r/tiktokshop,high,t,1267,2025-11-27 16:07:55+08
r/amazonfba,high,t,1271,2025-11-26 20:38:51+08
r/bigseo,high,t,1271,2025-11-25 23:22:03+08
r/amazonprime,high,t,1281,2025-11-25 11:17:19+08
r/digital_marketing,high,t,1281,2025-11-27 20:34:34+08
r/fascamazon,high,t,1283,2025-11-27 11:02:33+08
r/legomarket,high,t,1284,2025-11-27 08:07:48+08
r/aliexpressbr,high,t,1291,2025-11-27 09:58:47+08
r/amazonecho,high,t,1294,2025-11-27 15:37:56+08
r/amazonwfshoppers,high,f,1302,2025-05-18 12:00:35+08
r/fulfillmentbyamazon,medium,t,1340,2025-11-27 06:22:37+08
r/dropship,medium,t,1365,2025-11-27 11:11:47+08
r/facebookads,high,t,1369,2025-11-27 11:13:59+08
r/amazonflexdrivers,high,t,1387,2025-11-26 10:21:50+08
r/etsy,medium,t,1411,2025-11-24 22:43:45+08
r/aliexpress,high,t,1428,2025-11-26 20:07:55+08
r/etsysellers,medium,t,1438,2025-11-27 15:45:54+08
r/dropshipping,high,t,1463,2025-11-27 23:32:59+08
r/shopify,medium,t,2136,2025-11-23 17:54:21+08
