category,subreddit,description_zh,reason_zh,subreddit_norm,pool_name,pool_is_active,in_pool
Home_Lifestyle,r/HomeImprovement,家装维护与改造的综合社区,真实讨论各种房屋改造难题与工具选择，可挖掘装修和辅材产品机会,homeimprovement,r/HomeImprovement,True,True
Home_Lifestyle,r/Homeowners,房主交流买房与居住问题的社区,集中反映自住房用户在维修、保养、费用上的长期痛点，有利于洞察家居服务与保险类需求,homeowners,r/homeowners,True,True
Home_Lifestyle,r/Home,泛家居生活与居住体验社区,讨论居住舒适度、空间利用与收纳痛点，适合挖掘家居小工具机会,home,,,False
Home_Lifestyle,r/HomeDecorating,家居装饰社区,提供装饰灵感与预算方案，有助于抓取软装趋势,homedecorating,r/HomeDecorating,True,True
Home_Lifestyle,r/Decorating,室内装饰与布置社区,围绕小成本装饰展开，适合高频小物开发,decorating,,,False
Home_Lifestyle,r/InteriorDesign,室内设计社区,中高端审美趋势的重要来源,interiordesign,r/InteriorDesign,True,True
Home_Lifestyle,r/DIY,DIY 族社区,高度真实的工具与材料痛点库,diy,r/DIY,True,True
Home_Lifestyle,r/woodworking,木工手作社区,挖掘高端工具与家具工艺,woodworking,r/woodworking,True,True
Home_Lifestyle,r/Carpentry,木工专业社区,偏专业视角，有助于识别高端小众需求,carpentry,,,False
Home_Lifestyle,r/Plumbing,水路管道社区,集中暴露漏水、堵塞等高频痛点,plumbing,,,False
Home_Lifestyle,r/electricians,电工讨论社区,反映电工工具与配件需求,electricians,,,False
Home_Lifestyle,r/fixit,维修问题社区,覆盖多品类维修痛点,fixit,,,False
Home_Lifestyle,r/Handyman,手工维修综合社区,工具口碑与用途讨论密集,handyman,,,False
Home_Lifestyle,r/Homebuilding,自建房社区,长期项目讨论，可洞察结构材料需求,homebuilding,,,False
Home_Lifestyle,r/Remodel,翻新改造社区,反映预算、设计和施工问题,remodel,,,False
Home_Lifestyle,r/Appliances,家电社区,真实投诉与寿命反馈,appliances,,,False
Home_Lifestyle,r/CleaningTips,清洁技巧社区,清洁剂与工具的真实痛点库,cleaningtips,r/CleaningTips,True,True
Home_Lifestyle,r/organization,收纳与整理社区,高频收纳产品需求来源,organization,r/organization,True,True
Home_Lifestyle,r/landscaping,庭院改造社区,户外园艺设备机会,landscaping,r/landscaping,True,True
Home_Lifestyle,r/gardening,园艺社区,工具、肥料、高频耗材,gardening,r/gardening,True,True
Home_Lifestyle,r/Houseplants,室内植物社区,花盆与植物灯需求源,houseplants,r/houseplants,True,True
Home_Lifestyle,r/HomeAutomation,家庭自动化社区,智能开关与传感器痛点源,homeautomation,r/homeautomation,True,True
Home_Lifestyle,r/SmartHome,智能家居社区,系统集成与兼容性需求,smarthome,r/smarthome,True,True
Home_Lifestyle,r/solar,家用太阳能社区,新能源设备与售后需求,solar,,,False
Home_Lifestyle,r/ikeahacks,宜家 Hacks 社区,模块化家居配件机会,ikeahacks,,,False
Tools_EDC,r/EDC,随身物品社区,日常携带的小工具核心场景,edc,,,False
Tools_EDC,r/Tools,工具综合讨论社区,工具类产品最丰富的口碑库,tools,r/Tools,True,True
Tools_EDC,r/ToolPorn,高颜值工具社区,高溢价工具风格趋势,toolporn,,,False
Tools_EDC,r/MechanicAdvice,机械维修社区,维修与工具需求,mechanicadvice,r/MechanicAdvice,True,True
Tools_EDC,r/AutoDetailing,汽车精洗社区,清洁用品与工具需求,autodetailing,r/AutoDetailing,True,True
Tools_EDC,r/flashlight,手电筒社区,高端光源细分场景,flashlight,,,False
Tools_EDC,r/knives,刀具讨论社区,高客单价小众产品源,knives,,,False
Tools_EDC,r/multitools,多功能工具社区,组合式小工具机会,multitools,,,False
Tools_EDC,r/WatchHorology,机械表工艺社区,高端配件与服务洞察,watchhorology,,,False
Tools_EDC,r/Watches,手表讨论社区,跨价位消费洞察,watches,r/Watches,True,True
Tools_EDC,r/pens,书写工具社区,高溢价文具趋势,pens,,,False
Tools_EDC,r/mechanicalkeyboards,机械键盘社区,键帽与客制化配件需求,mechanicalkeyboards,r/MechanicalKeyboards,True,True
Tools_EDC,r/3Dprinting,3D 打印社区,创新配件与材料需求,3dprinting,r/3DPrinting,True,True
Tools_EDC,r/Workbenches,工作台社区,系统化工具收纳机会,workbenches,,,False
Tools_EDC,r/cordlessTools,无线工具社区,电池系统相关需求,cordlesstools,,,False
Tools_EDC,r/Welding,焊接社区,重型工具场景,welding,,,False
Tools_EDC,r/metalworking,金属加工社区,专业刀具与机床需求,metalworking,r/metalworking,True,True
Tools_EDC,r/lockpicking,锁具研究社区,锁具安全与工具需求,lockpicking,,,False
Tools_EDC,r/Survival,生存技能社区,应急装备需求,survival,r/Survival,True,True
Tools_EDC,r/preppers,灾备社区,储备型用品需求,preppers,,,False
Tools_EDC,r/tacticalgear,战术装备社区,户外＋战术装备需求,tacticalgear,,,False
Tools_EDC,r/BuyItForLife,耐用产品文化社区,“能用一辈子”需求洞察,buyitforlife,r/BuyItForLife,True,True
Tools_EDC,r/EDCexchange,EDC 二手交易社区,保值率与流通速度分析,edcexchange,,,False
Tools_EDC,r/gadgets,电子小物社区,创新小产品的孵化池,gadgets,r/gadgets,True,True
Tools_EDC,r/knifeclub,刀具收藏社区,收藏级小众需求,knifeclub,,,False
Frugal_Living,r/Frugal,节俭社区,性价比逻辑核心来源,frugal,r/Frugal,True,True
Frugal_Living,r/FrugalMaleFashion,男性低价穿搭社区,预算敏感服饰趋势,frugalmalefashion,r/frugalmalefashion,True,True
Frugal_Living,r/personalfinance,理财社区,消费决策背景洞察,personalfinance,r/personalfinance,True,True
Frugal_Living,r/financialindependence,FIRE 社区,长期消费与耐用品投资逻辑,financialindependence,r/financialindependence,True,True
Frugal_Living,r/leanfire,极简 FIRE 社区,极致性价比需求,leanfire,r/leanfire,True,True
Frugal_Living,r/UKPersonalFinance,英国理财社区,地域偏好洞察,ukpersonalfinance,r/UKPersonalFinance,True,True
Frugal_Living,r/povertyfinance,低收入社区,刚需极限痛点,povertyfinance,r/povertyfinance,True,True
Frugal_Living,r/Churning,信用卡薅羊毛社区,优惠敏感用户洞察,churning,r/churning,True,True
Frugal_Living,r/USCreditCards,美国信用卡社区,返现对消费影响,uscreditcards,,,False
Frugal_Living,r/simpleliving,简单生活社区,少但精的消费逻辑,simpleliving,r/simpleliving,True,True
Frugal_Living,r/ZeroWaste,零废弃社区,复用与可持续产品趋势,zerowaste,r/ZeroWaste,True,True
Frugal_Living,r/Minimalism,极简社区,高质量必需品机会,minimalism,r/minimalism,True,True
Frugal_Living,r/ThriftStoreHauls,二手店晒货社区,二手保值类产品洞察,thriftstorehauls,r/ThriftStoreHauls,True,True
Frugal_Living,r/Thrifty,节俭生活社区,跨场景省钱方案洞察,thrifty,,,False
Frugal_Living,r/Thrifting,二手淘货社区,替代品市场洞察,thrifting,,,False
Frugal_Living,r/budgetfood,预算极低饮食社区,低成本食品需求,budgetfood,r/budgetfood,True,True
Frugal_Living,r/EatCheapAndHealthy,低价健康饮食社区,健康与预算平衡需求,eatcheapandhealthy,r/EatCheapAndHealthy,True,True
Frugal_Living,r/MealPrepSunday,周备餐社区,饭盒与保鲜工具需求,mealprepsunday,r/MealPrepSunday,True,True
Frugal_Living,r/BudgetTravel,低预算旅行社区,旅行轻装化与低价用品,budgettravel,,,False
Frugal_Living,r/cheap_meals,超低预算饮食社区,价格下限洞察,cheap_meals,r/Cheap_Meals,True,True
Frugal_Living,r/digitalnomad,数字游民社区,轻量化办公需求,digitalnomad,r/digitalnomad,True,True
Frugal_Living,r/SideProject,副业社区,工具与效率需求,sideproject,,,False
Frugal_Living,r/Entrepreneur,创业者社区,B2B 工具与服务机会,entrepreneur,r/Entrepreneur,True,True
Frugal_Living,r/smallbusiness,小企业经营社区,库存与现金流痛点,smallbusiness,r/smallbusiness,True,True
Frugal_Living,r/startups,初创公司社区,服务型工具需求,startups,r/startups,True,True
Food_Coffee_Lifestyle,r/Coffee,咖啡爱好者社区,咖啡全链路产品需求,coffee,r/Coffee,True,True
Food_Coffee_Lifestyle,r/espresso,浓缩咖啡设备社区,高端器材需求,espresso,r/espresso,True,True
Food_Coffee_Lifestyle,r/pourover,手冲咖啡社区,滤杯与手壶趋势,pourover,,,False
Food_Coffee_Lifestyle,r/barista,咖啡师社区,专业器具需求,barista,,,False
Food_Coffee_Lifestyle,r/coffeegear,咖啡器材社区,设备对比与痛点,coffeegear,,,False
Food_Coffee_Lifestyle,r/tea,茶具与饮茶文化,茶具需求,tea,r/tea,True,True
Food_Coffee_Lifestyle,r/matcha,抹茶社区,细分饮品趋势,matcha,,,False
Food_Coffee_Lifestyle,r/food,美食综合社区,大类趋势观察,food,r/food,True,True
Food_Coffee_Lifestyle,r/Cooking,烹饪社区,厨具需求,cooking,r/Cooking,True,True
Food_Coffee_Lifestyle,r/AskCulinary,烹饪问题社区,技能与工具痛点,askculinary,r/AskCulinary,True,True
Food_Coffee_Lifestyle,r/SousVide,低温慢煮社区,高端厨房电器,sousvide,,,False
Food_Coffee_Lifestyle,r/KitchenConfidential,厨房行业社区,专业场景痛点,kitchenconfidential,r/KitchenConfidential,True,True
Food_Coffee_Lifestyle,r/KitchenGadgets,厨房小工具社区,爆款小物来源,kitchengadgets,,,False
Food_Coffee_Lifestyle,r/Baking,烘焙社区,模具工具需求,baking,r/Baking,True,True
Food_Coffee_Lifestyle,r/Breadit,手工面包社区,烘焙工具更多细分,breadit,r/Breadit,True,True
Food_Coffee_Lifestyle,r/pizza,披萨制作社区,披萨炉与石板需求,pizza,r/Pizza,True,True
Food_Coffee_Lifestyle,r/BBQ,烧烤社区,户外烤炉需求,bbq,,,False
Food_Coffee_Lifestyle,r/smoking,烟熏烹饪社区,温控设备需求,smoking,r/smoking,True,True
Food_Coffee_Lifestyle,r/Grilling,烤肉社区,户外烤架趋势,grilling,r/Grilling,True,True
Food_Coffee_Lifestyle,r/fermentation,发酵社区,发酵工具需求,fermentation,,,False
Food_Coffee_Lifestyle,r/Homebrewing,自酿社区,自酿套装需求,homebrewing,,,False
Food_Coffee_Lifestyle,r/cocktails,鸡尾酒社区,调酒器具趋势,cocktails,,,False
Food_Coffee_Lifestyle,r/wine,葡萄酒社区,储存与杯具需求,wine,,,False
Food_Coffee_Lifestyle,r/beer,啤酒社区,饮用与包装趋势,beer,,,False
Food_Coffee_Lifestyle,r/hydrohomies,水杯文化社区,随身水杯需求,hydrohomies,r/HydroHomies,True,True
Minimal_Outdoor,r/Ultralight,轻量徒步社区,高性能轻量装备,ultralight,r/Ultralight,True,True
Minimal_Outdoor,r/UltralightGear,轻量装备社区,参数与真实体验,ultralightgear,,,False
Minimal_Outdoor,r/CampingandHiking,露营＋徒步社区,主流户外装备,campingandhiking,r/CampingandHiking,True,True
Minimal_Outdoor,r/Outdoors,户外综合社区,户外趋势观察,outdoors,r/Outdoors,True,True
Minimal_Outdoor,r/hammockcamping,吊床露营社区,吊床与绳索系统,hammockcamping,,,False
Minimal_Outdoor,r/bushcraft,原始生存技能社区,工具与火种需求,bushcraft,,,False
Minimal_Outdoor,r/onebag,单包旅行社区,极简轻量需求,onebag,r/onebag,True,True
Minimal_Outdoor,r/Travel,旅行社区,旅行痛点汇总,travel,r/travel,True,True
Minimal_Outdoor,r/solotravel,独旅社区,安全与便携需求,solotravel,r/solotravel,True,True
Minimal_Outdoor,r/Backpacking,背包客社区,耐用装备需求,backpacking,r/backpacking,True,True
Minimal_Outdoor,r/climbing,攀岩社区,专业装备需求,climbing,r/climbing,True,True
Minimal_Outdoor,r/Mountaineering,登山社区,高端安全装备,mountaineering,,,False
Minimal_Outdoor,r/TrailRunning,越野跑社区,轻量运动装备,trailrunning,,,False
Minimal_Outdoor,r/running,跑步社区,跑鞋需求,running,r/running,True,True
Minimal_Outdoor,r/cycling,骑行社区,整车与配件,cycling,r/cycling,True,True
Minimal_Outdoor,r/bicycling,生活型骑行社区,通勤装备需求,bicycling,r/bicycling,True,True
Minimal_Outdoor,r/bikepacking,自行车＋露营社群,复合场景装备,bikepacking,,,False
Minimal_Outdoor,r/FixedGearBicycle,死飞文化社区,高审美配件,fixedgearbicycle,,,False
Minimal_Outdoor,r/vanlife,车居社区,紧凑多功能设备,vanlife,,,False
Minimal_Outdoor,r/tinyhouses,微型住宅社区,小空间家具,tinyhouses,,,False
Minimal_Outdoor,r/OutdoorsGear,户外装备社区,品牌比较与趋势,outdoorsgear,,,False
Minimal_Outdoor,r/geartrade,二手户外社区,设备保值率洞察,geartrade,,,False
Minimal_Outdoor,r/ShoestringTravel,低预算旅行社区,便宜好用装备,shoestringtravel,,,False
Minimal_Outdoor,r/hiking,徒步社区,大众户外需求,hiking,r/hiking,True,True
Minimal_Outdoor,r/overlanding,越野车穿越社区,高客单价装备,overlanding,,,False
Family_Parenting,r/Parenting,育儿社区,儿童需求与安全痛点,parenting,r/Parenting,True,True
Family_Parenting,r/Mommit,妈妈社区,女性用户情绪与需求,mommit,r/Mommit,True,True
Family_Parenting,r/Daddit,爸爸社区,男性育儿需求,daddit,,,False
Family_Parenting,r/relationships,情感社区,家庭关系背景洞察,relationships,,,False
Family_Parenting,r/relationship_advice,关系求助社区,消费与情绪关联,relationship_advice,r/relationship_advice,True,True
Family_Parenting,r/AmItheAsshole,家庭矛盾社区,生活场景冲突洞察,amitheasshole,,,False
Family_Parenting,r/AskMen,男性需求社区,男性消费偏好,askmen,,,False
Family_Parenting,r/AskWomen,女性需求社区,女性消费痛点,askwomen,r/AskWomen,True,True
Family_Parenting,r/Childfree,不生育社区,非家庭市场需求,childfree,r/childfree,True,True
Family_Parenting,r/BabyBumps,怀孕社区,孕期产品需求,babybumps,,,False
Family_Parenting,r/beyondthebump,产后社区,产后恢复与婴儿用品痛点,beyondthebump,,,False
Family_Parenting,r/ParentingTeenagers,青春期家庭社区,教育与设备需求,parentingteenagers,,,False
Family_Parenting,r/Toddlers,幼儿社区,婴幼儿用品核心,toddlers,,,False
Family_Parenting,r/Teachers,教师社区,教学设备需求,teachers,r/Teachers,True,True
Family_Parenting,r/education,教育社区,家庭教育趋势,education,,,False
Family_Parenting,r/homeschool,在家教育社区,教材与工具需求,homeschool,,,False
Family_Parenting,r/Marriage,婚姻生活社区,家庭长期消费结构,marriage,r/Marriage,True,True
Family_Parenting,r/Divorce,离婚社区,家庭结构变化需求,divorce,,,False
Family_Parenting,r/StepParents,继父母社区,重组家庭需求,stepparents,,,False
Family_Parenting,r/blendedfamilies,重组家庭社区,复杂家庭场景,blendedfamilies,,,False
Family_Parenting,r/FamilyIssues,家庭矛盾社区,家庭生活真实痛点,familyissues,,,False
Family_Parenting,r/raisedbynarcissists,原生家庭创伤社区,对安全感产品的需求,raisedbynarcissists,,,False
Family_Parenting,r/TrueOffMyChest,倾诉社区,深层情绪场景,trueoffmychest,r/TrueOffMyChest,True,True
Family_Parenting,r/vent,发泄社区,高压力生活痛点,vent,,,False
Family_Parenting,r/Autism_Parenting,自闭症孩子家长社区,特殊需求产品场景,autism_parenting,,,False
