post_id,subreddit,title,body,score,num_comments,created_at,url,label,strength,notes
r/test_23-3818,r/test_23,r/test_23 title 3818,Body 3818 for r/test_23,178,18,2025-10-10T08:12:47.972630+00:00,https://reddit.com/r/r/test_23/comments/r/test_23-3818,,,
r/test_5-951,r/test_5,r/test_5 title 951,Body 951 for r/test_5,191,1,2025-10-15T08:12:47.972630+00:00,https://reddit.com/r/r/test_5/comments/r/test_5-951,,,
r/test_11-1904,r/test_11,r/test_11 title 1904,Body 1904 for r/test_11,184,4,2025-10-16T08:12:47.972630+00:00,https://reddit.com/r/r/test_11/comments/r/test_11-1904,,,
r/test_23-3809,r/test_23,r/test_23 title 3809,Body 3809 for r/test_23,169,9,2025-10-19T08:12:47.972630+00:00,https://reddit.com/r/r/test_23/comments/r/test_23-3809,,,
r/test_29-4750,r/test_29,r/test_29 title 4750,Body 4750 for r/test_29,105,0,2025-10-21T08:12:47.972630+00:00,https://reddit.com/r/r/test_29/comments/r/test_29-4750,,,
r/test_16-2717,r/test_16,r/test_16 title 2717,Body 2717 for r/test_16,197,17,2025-10-26T08:12:47.972630+00:00,https://reddit.com/r/r/test_16/comments/r/test_16-2717,,,
r/test_21-3471,r/test_21,r/test_21 title 3471,Body 3471 for r/test_21,106,21,2025-09-30T08:12:47.972630+00:00,https://reddit.com/r/r/test_21/comments/r/test_21-3471,,,
r/test_19-3164,r/test_19,r/test_19 title 3164,Body 3164 for r/test_19,164,14,2025-09-30T08:12:47.972630+00:00,https://reddit.com/r/r/test_19/comments/r/test_19-3164,,,
r/test_7-1276,r/test_7,r/test_7 title 1276,Body 1276 for r/test_7,196,26,2025-10-08T08:12:47.972630+00:00,https://reddit.com/r/r/test_7/comments/r/test_7-1276,,,
r/test_22-3665,r/test_22,r/test_22 title 3665,Body 3665 for r/test_22,185,15,2025-10-04T08:12:47.972630+00:00,https://reddit.com/r/r/test_22/comments/r/test_22-3665,,,
r/test_6-1089,r/test_6,r/test_6 title 1089,Body 1089 for r/test_6,169,39,2025-10-08T08:12:47.972630+00:00,https://reddit.com/r/r/test_6/comments/r/test_6-1089,,,
r/test_11-1898,r/test_11,r/test_11 title 1898,Body 1898 for r/test_11,178,48,2025-10-22T08:12:47.972630+00:00,https://reddit.com/r/r/test_11/comments/r/test_11-1898,,,
r/test_18-3022,r/test_18,r/test_18 title 3022,Body 3022 for r/test_18,182,22,2025-10-11T08:12:47.972630+00:00,https://reddit.com/r/r/test_18/comments/r/test_18-3022,,,
r/test_30-4955,r/test_30,r/test_30 title 4955,Body 4955 for r/test_30,195,5,2025-10-14T08:12:47.972630+00:00,https://reddit.com/r/r/test_30/comments/r/test_30-4955,,,
r/test_4-788,r/test_4,r/test_4 title 788,Body 788 for r/test_4,188,38,2025-10-19T08:12:47.972630+00:00,https://reddit.com/r/r/test_4/comments/r/test_4-788,,,
r/test_6-1067,r/test_6,r/test_6 title 1067,Body 1067 for r/test_6,102,17,2025-10-19T08:12:47.972630+00:00,https://reddit.com/r/r/test_6/comments/r/test_6-1067,,,
r/test_6-1103,r/test_6,r/test_6 title 1103,Body 1103 for r/test_6,183,3,2025-10-22T08:12:47.972630+00:00,https://reddit.com/r/r/test_6/comments/r/test_6-1103,,,
r/test_12-2062,r/test_12,r/test_12 title 2062,Body 2062 for r/test_12,182,12,2025-10-17T08:12:47.972630+00:00,https://reddit.com/r/r/test_12/comments/r/test_12-2062,,,
r/test_14-2373,r/test_14,r/test_14 title 2373,Body 2373 for r/test_14,173,23,2025-10-24T08:12:47.972630+00:00,https://reddit.com/r/r/test_14/comments/r/test_14-2373,,,
r/test_18-2999,r/test_18,r/test_18 title 2999,Body 2999 for r/test_18,114,49,2025-10-23T08:12:47.972630+00:00,https://reddit.com/r/r/test_18/comments/r/test_18-2999,,,
r/test_20-3354,r/test_20,r/test_20 title 3354,Body 3354 for r/test_20,194,4,2025-10-25T08:12:47.972630+00:00,https://reddit.com/r/r/test_20/comments/r/test_20-3354,,,
r/test_9-1596,r/test_9,r/test_9 title 1596,Body 1596 for r/test_9,196,46,2025-10-06T08:12:47.972630+00:00,https://reddit.com/r/r/test_9/comments/r/test_9-1596,,,
r/test_20-3333,r/test_20,r/test_20 title 3333,Body 3333 for r/test_20,173,33,2025-10-18T08:12:47.972630+00:00,https://reddit.com/r/r/test_20/comments/r/test_20-3333,,,
r/test_16-2693,r/test_16,r/test_16 title 2693,Body 2693 for r/test_16,173,43,2025-10-22T08:12:47.972630+00:00,https://reddit.com/r/r/test_16/comments/r/test_16-2693,,,
r/test_10-1736,r/test_10,r/test_10 title 1736,Body 1736 for r/test_10,176,36,2025-10-25T08:12:47.972630+00:00,https://reddit.com/r/r/test_10/comments/r/test_10-1736,,,
r/test_13-2220,r/test_13,r/test_13 title 2220,Body 2220 for r/test_13,180,20,2025-10-18T08:12:47.972630+00:00,https://reddit.com/r/r/test_13/comments/r/test_13-2220,,,
r/test_14-2369,r/test_14,r/test_14 title 2369,Body 2369 for r/test_14,169,19,2025-09-30T08:12:47.972630+00:00,https://reddit.com/r/r/test_14/comments/r/test_14-2369,,,
r/test_24-3964,r/test_24,r/test_24 title 3964,Body 3964 for r/test_24,164,14,2025-10-23T08:12:47.972630+00:00,https://reddit.com/r/r/test_24/comments/r/test_24-3964,,,
r/test_14-2395,r/test_14,r/test_14 title 2395,Body 2395 for r/test_14,195,45,2025-10-02T08:12:47.972630+00:00,https://reddit.com/r/r/test_14/comments/r/test_14-2395,,,
r/test_13-2202,r/test_13,r/test_13 title 2202,Body 2202 for r/test_13,162,2,2025-10-08T08:12:47.972630+00:00,https://reddit.com/r/r/test_13/comments/r/test_13-2202,,,
r/test_25-4123,r/test_25,r/test_25 title 4123,Body 4123 for r/test_25,163,23,2025-10-23T08:12:47.972630+00:00,https://reddit.com/r/r/test_25/comments/r/test_25-4123,,,
r/test_31-5080,r/test_31,r/test_31 title 5080,Body 5080 for r/test_31,160,30,2025-10-20T08:12:47.972630+00:00,https://reddit.com/r/r/test_31/comments/r/test_31-5080,,,
r/test_16-2680,r/test_16,r/test_16 title 2680,Body 2680 for r/test_16,160,30,2025-10-07T08:12:47.972630+00:00,https://reddit.com/r/r/test_16/comments/r/test_16-2680,,,
r/test_6-1107,r/test_6,r/test_6 title 1107,Body 1107 for r/test_6,187,7,2025-10-18T08:12:47.972630+00:00,https://reddit.com/r/r/test_6/comments/r/test_6-1107,,,
r/test_22-3652,r/test_22,r/test_22 title 3652,Body 3652 for r/test_22,172,2,2025-10-17T08:12:47.972630+00:00,https://reddit.com/r/r/test_22/comments/r/test_22-3652,,,
r/test_17-2860,r/test_17,r/test_17 title 2860,Body 2860 for r/test_17,180,10,2025-10-14T08:12:47.972630+00:00,https://reddit.com/r/r/test_17/comments/r/test_17-2860,,,
r/test_25-4126,r/test_25,r/test_25 title 4126,Body 4126 for r/test_25,166,26,2025-10-20T08:12:47.972630+00:00,https://reddit.com/r/r/test_25/comments/r/test_25-4126,,,
r/test_5-948,r/test_5,r/test_5 title 948,Body 948 for r/test_5,188,48,2025-10-18T08:12:47.972630+00:00,https://reddit.com/r/r/test_5/comments/r/test_5-948,,,
r/test_11-1912,r/test_11,r/test_11 title 1912,Body 1912 for r/test_11,192,12,2025-10-08T08:12:47.972630+00:00,https://reddit.com/r/r/test_11/comments/r/test_11-1912,,,
r/test_29-4776,r/test_29,r/test_29 title 4776,Body 4776 for r/test_29,176,26,2025-10-06T08:12:47.972630+00:00,https://reddit.com/r/r/test_29/comments/r/test_29-4776,,,
r/test_15-2547,r/test_15,r/test_15 title 2547,Body 2547 for r/test_15,187,47,2025-10-09T08:12:47.972630+00:00,https://reddit.com/r/r/test_15/comments/r/test_15-2547,,,
r/test_17-2829,r/test_17,r/test_17 title 2829,Body 2829 for r/test_17,104,29,2025-10-06T08:12:47.972630+00:00,https://reddit.com/r/r/test_17/comments/r/test_17-2829,,,
r/test_23-3800,r/test_23,r/test_23 title 3800,Body 3800 for r/test_23,160,0,2025-09-30T08:12:47.972630+00:00,https://reddit.com/r/r/test_23/comments/r/test_23-3800,,,
r/test_0-141,r/test_0,r/test_0 title 141,Body 141 for r/test_0,181,41,2025-10-02T08:12:47.972630+00:00,https://reddit.com/r/r/test_0/comments/r/test_0-141,,,
r/test_14-2384,r/test_14,r/test_14 title 2384,Body 2384 for r/test_14,184,34,2025-10-13T08:12:47.972630+00:00,https://reddit.com/r/r/test_14/comments/r/test_14-2384,,,
r/test_24-3968,r/test_24,r/test_24 title 3968,Body 3968 for r/test_24,168,18,2025-10-19T08:12:47.972630+00:00,https://reddit.com/r/r/test_24/comments/r/test_24-3968,,,
r/test_27-4466,r/test_27,r/test_27 title 4466,Body 4466 for r/test_27,186,16,2025-10-26T08:12:47.972630+00:00,https://reddit.com/r/r/test_27/comments/r/test_27-4466,,,
r/test_20-3320,r/test_20,r/test_20 title 3320,Body 3320 for r/test_20,160,20,2025-10-03T08:12:47.972630+00:00,https://reddit.com/r/r/test_20/comments/r/test_20-3320,,,
r/test_17-2869,r/test_17,r/test_17 title 2869,Body 2869 for r/test_17,189,19,2025-10-05T08:12:47.972630+00:00,https://reddit.com/r/r/test_17/comments/r/test_17-2869,,,
r/test_19-3194,r/test_19,r/test_19 title 3194,Body 3194 for r/test_19,194,44,2025-10-26T08:12:47.972630+00:00,https://reddit.com/r/r/test_19/comments/r/test_19-3194,,,
r/test_15-2493,r/test_15,r/test_15 title 2493,Body 2493 for r/test_15,88,43,2025-10-24T08:12:47.972630+00:00,https://reddit.com/r/r/test_15/comments/r/test_15-2493,,,
r/test_3-531,r/test_3,r/test_3 title 531,Body 531 for r/test_3,41,31,2025-10-11T08:12:47.972630+00:00,https://reddit.com/r/r/test_3/comments/r/test_3-531,,,
r/test_25-4028,r/test_25,r/test_25 title 4028,Body 4028 for r/test_25,33,28,2025-10-01T08:12:47.972630+00:00,https://reddit.com/r/r/test_25/comments/r/test_25-4028,,,
r/test_17-2769,r/test_17,r/test_17 title 2769,Body 2769 for r/test_17,39,19,2025-09-29T08:12:47.972630+00:00,https://reddit.com/r/r/test_17/comments/r/test_17-2769,,,
r/test_25-4037,r/test_25,r/test_25 title 4037,Body 4037 for r/test_25,42,37,2025-10-20T08:12:47.972630+00:00,https://reddit.com/r/r/test_25/comments/r/test_25-4037,,,
r/test_20-3246,r/test_20,r/test_20 title 3246,Body 3246 for r/test_20,36,46,2025-09-29T08:12:47.972630+00:00,https://reddit.com/r/r/test_20/comments/r/test_20-3246,,,
r/test_10-1623,r/test_10,r/test_10 title 1623,Body 1623 for r/test_10,28,23,2025-10-21T08:12:47.972630+00:00,https://reddit.com/r/r/test_10/comments/r/test_10-1623,,,
r/test_21-3369,r/test_21,r/test_21 title 3369,Body 3369 for r/test_21,14,19,2025-10-24T08:12:47.972630+00:00,https://reddit.com/r/r/test_21/comments/r/test_21-3369,,,
r/test_19-3101,r/test_19,r/test_19 title 3101,Body 3101 for r/test_19,51,1,2025-10-13T08:12:47.972630+00:00,https://reddit.com/r/r/test_19/comments/r/test_19-3101,,,
r/test_1-254,r/test_1,r/test_1 title 254,Body 254 for r/test_1,89,4,2025-10-09T08:12:47.972630+00:00,https://reddit.com/r/r/test_1/comments/r/test_1-254,,,
r/test_14-2274,r/test_14,r/test_14 title 2274,Body 2274 for r/test_14,39,24,2025-10-06T08:12:47.972630+00:00,https://reddit.com/r/r/test_14/comments/r/test_14-2274,,,
r/test_18-2891,r/test_18,r/test_18 title 2891,Body 2891 for r/test_18,16,41,2025-10-25T08:12:47.972630+00:00,https://reddit.com/r/r/test_18/comments/r/test_18-2891,,,
r/test_7-1210,r/test_7,r/test_7 title 1210,Body 1210 for r/test_7,85,10,2025-10-07T08:12:47.972630+00:00,https://reddit.com/r/r/test_7/comments/r/test_7-1210,,,
r/test_25-4050,r/test_25,r/test_25 title 4050,Body 4050 for r/test_25,40,0,2025-10-18T08:12:47.972630+00:00,https://reddit.com/r/r/test_25/comments/r/test_25-4050,,,
r/test_9-1489,r/test_9,r/test_9 title 1489,Body 1489 for r/test_9,39,39,2025-10-07T08:12:47.972630+00:00,https://reddit.com/r/r/test_9/comments/r/test_9-1489,,,
r/test_14-2252,r/test_14,r/test_14 title 2252,Body 2252 for r/test_14,17,2,2025-09-30T08:12:47.972630+00:00,https://reddit.com/r/r/test_14/comments/r/test_14-2252,,,
r/test_8-1323,r/test_8,r/test_8 title 1323,Body 1323 for r/test_8,33,23,2025-10-14T08:12:47.972630+00:00,https://reddit.com/r/r/test_8/comments/r/test_8-1323,,,
r/test_18-2981,r/test_18,r/test_18 title 2981,Body 2981 for r/test_18,96,31,2025-10-13T08:12:47.972630+00:00,https://reddit.com/r/r/test_18/comments/r/test_18-2981,,,
r/test_23-3719,r/test_23,r/test_23 title 3719,Body 3719 for r/test_23,44,19,2025-10-20T08:12:47.972630+00:00,https://reddit.com/r/r/test_23/comments/r/test_23-3719,,,
r/test_8-1287,r/test_8,r/test_8 title 1287,Body 1287 for r/test_8,12,37,2025-10-11T08:12:47.972630+00:00,https://reddit.com/r/r/test_8/comments/r/test_8-1287,,,
r/test_24-3921,r/test_24,r/test_24 title 3921,Body 3921 for r/test_24,76,21,2025-09-29T08:12:47.972630+00:00,https://reddit.com/r/r/test_24/comments/r/test_24-3921,,,
r/test_16-2630,r/test_16,r/test_16 title 2630,Body 2630 for r/test_16,60,30,2025-10-07T08:12:47.972630+00:00,https://reddit.com/r/r/test_16/comments/r/test_16-2630,,,
r/test_3-560,r/test_3,r/test_3 title 560,Body 560 for r/test_3,75,10,2025-10-21T08:12:47.972630+00:00,https://reddit.com/r/r/test_3/comments/r/test_3-560,,,
r/test_11-1809,r/test_11,r/test_11 title 1809,Body 1809 for r/test_11,39,9,2025-10-05T08:12:47.972630+00:00,https://reddit.com/r/r/test_11/comments/r/test_11-1809,,,
r/test_20-3222,r/test_20,r/test_20 title 3222,Body 3222 for r/test_20,27,22,2025-10-12T08:12:47.972630+00:00,https://reddit.com/r/r/test_20/comments/r/test_20-3222,,,
r/test_26-4202,r/test_26,r/test_26 title 4202,Body 4202 for r/test_26,32,2,2025-10-25T08:12:47.972630+00:00,https://reddit.com/r/r/test_26/comments/r/test_26-4202,,,
r/test_14-2296,r/test_14,r/test_14 title 2296,Body 2296 for r/test_14,46,46,2025-10-23T08:12:47.972630+00:00,https://reddit.com/r/r/test_14/comments/r/test_14-2296,,,
r/test_11-1787,r/test_11,r/test_11 title 1787,Body 1787 for r/test_11,32,37,2025-10-16T08:12:47.972630+00:00,https://reddit.com/r/r/test_11/comments/r/test_11-1787,,,
r/test_27-4409,r/test_27,r/test_27 title 4409,Body 4409 for r/test_27,84,9,2025-10-16T08:12:47.972630+00:00,https://reddit.com/r/r/test_27/comments/r/test_27-4409,,,
r/test_1-216,r/test_1,r/test_1 title 216,Body 216 for r/test_1,46,16,2025-10-08T08:12:47.972630+00:00,https://reddit.com/r/r/test_1/comments/r/test_1-216,,,
r/test_19-3103,r/test_19,r/test_19 title 3103,Body 3103 for r/test_19,53,3,2025-10-11T08:12:47.972630+00:00,https://reddit.com/r/r/test_19/comments/r/test_19-3103,,,
r/test_25-4069,r/test_25,r/test_25 title 4069,Body 4069 for r/test_25,59,19,2025-09-29T08:12:47.972630+00:00,https://reddit.com/r/r/test_25/comments/r/test_25-4069,,,
r/test_11-1831,r/test_11,r/test_11 title 1831,Body 1831 for r/test_11,61,31,2025-10-11T08:12:47.972630+00:00,https://reddit.com/r/r/test_11/comments/r/test_11-1831,,,
r/test_24-3899,r/test_24,r/test_24 title 3899,Body 3899 for r/test_24,49,49,2025-10-10T08:12:47.972630+00:00,https://reddit.com/r/r/test_24/comments/r/test_24-3899,,,
r/test_11-1775,r/test_11,r/test_11 title 1775,Body 1775 for r/test_11,20,25,2025-09-30T08:12:47.972630+00:00,https://reddit.com/r/r/test_11/comments/r/test_11-1775,,,
r/test_19-3074,r/test_19,r/test_19 title 3074,Body 3074 for r/test_19,39,24,2025-10-01T08:12:47.972630+00:00,https://reddit.com/r/r/test_19/comments/r/test_19-3074,,,
r/test_18-2943,r/test_18,r/test_18 title 2943,Body 2943 for r/test_18,53,43,2025-10-12T08:12:47.972630+00:00,https://reddit.com/r/r/test_18/comments/r/test_18-2943,,,
r/test_20-3243,r/test_20,r/test_20 title 3243,Body 3243 for r/test_20,33,43,2025-10-02T08:12:47.972630+00:00,https://reddit.com/r/r/test_20/comments/r/test_20-3243,,,
r/test_28-4539,r/test_28,r/test_28 title 4539,Body 4539 for r/test_28,49,39,2025-10-06T08:12:47.972630+00:00,https://reddit.com/r/r/test_28/comments/r/test_28-4539,,,
r/test_19-3068,r/test_19,r/test_19 title 3068,Body 3068 for r/test_19,33,18,2025-10-07T08:12:47.972630+00:00,https://reddit.com/r/r/test_19/comments/r/test_19-3068,,,
r/test_9-1453,r/test_9,r/test_9 title 1453,Body 1453 for r/test_9,18,3,2025-10-04T08:12:47.972630+00:00,https://reddit.com/r/r/test_9/comments/r/test_9-1453,,,
r/test_31-5051,r/test_31,r/test_31 title 5051,Body 5051 for r/test_31,86,1,2025-10-10T08:12:47.972630+00:00,https://reddit.com/r/r/test_31/comments/r/test_31-5051,,,
r/test_15-2500,r/test_15,r/test_15 title 2500,Body 2500 for r/test_15,95,0,2025-10-17T08:12:47.972630+00:00,https://reddit.com/r/r/test_15/comments/r/test_15-2500,,,
r/test_27-4415,r/test_27,r/test_27 title 4415,Body 4415 for r/test_27,90,15,2025-10-10T08:12:47.972630+00:00,https://reddit.com/r/r/test_27/comments/r/test_27-4415,,,
r/test_13-2159,r/test_13,r/test_13 title 2159,Body 2159 for r/test_13,69,9,2025-10-01T08:12:47.972630+00:00,https://reddit.com/r/r/test_13/comments/r/test_13-2159,,,
r/test_16-2618,r/test_16,r/test_16 title 2618,Body 2618 for r/test_16,48,18,2025-10-19T08:12:47.972630+00:00,https://reddit.com/r/r/test_16/comments/r/test_16-2618,,,
r/test_23-3737,r/test_23,r/test_23 title 3737,Body 3737 for r/test_23,47,37,2025-10-13T08:12:47.972630+00:00,https://reddit.com/r/r/test_23/comments/r/test_23-3737,,,
r/test_23-3782,r/test_23,r/test_23 title 3782,Body 3782 for r/test_23,97,32,2025-10-07T08:12:47.972630+00:00,https://reddit.com/r/r/test_23/comments/r/test_23-3782,,,
r/test_23-3712,r/test_23,r/test_23 title 3712,Body 3712 for r/test_23,37,12,2025-09-29T08:12:47.972630+00:00,https://reddit.com/r/r/test_23/comments/r/test_23-3712,,,
r/test_22-3546,r/test_22,r/test_22 title 3546,Body 3546 for r/test_22,31,46,2025-10-06T08:12:47.972630+00:00,https://reddit.com/r/r/test_22/comments/r/test_22-3546,,,
r/test_3-577,r/test_3,r/test_3 title 577,Body 577 for r/test_3,92,27,2025-10-04T08:12:47.972630+00:00,https://reddit.com/r/r/test_3/comments/r/test_3-577,,,
r/test_13-2122,r/test_13,r/test_13 title 2122,Body 2122 for r/test_13,32,22,2025-10-10T08:12:47.972630+00:00,https://reddit.com/r/r/test_13/comments/r/test_13-2122,,,
r/test_10-1641,r/test_10,r/test_10 title 1641,Body 1641 for r/test_10,31,41,2025-10-14T08:12:47.972630+00:00,https://reddit.com/r/r/test_10/comments/r/test_10-1641,,,
r/test_17-2808,r/test_17,r/test_17 title 2808,Body 2808 for r/test_17,83,8,2025-09-29T08:12:47.972630+00:00,https://reddit.com/r/r/test_17/comments/r/test_17-2808,,,
r/test_14-2302,r/test_14,r/test_14 title 2302,Body 2302 for r/test_14,52,2,2025-10-17T08:12:47.972630+00:00,https://reddit.com/r/r/test_14/comments/r/test_14-2302,,,
r/test_7-1179,r/test_7,r/test_7 title 1179,Body 1179 for r/test_7,49,29,2025-09-29T08:12:47.972630+00:00,https://reddit.com/r/r/test_7/comments/r/test_7-1179,,,
r/test_14-2260,r/test_14,r/test_14 title 2260,Body 2260 for r/test_14,25,10,2025-10-20T08:12:47.972630+00:00,https://reddit.com/r/r/test_14/comments/r/test_14-2260,,,
r/test_2-348,r/test_2,r/test_2 title 348,Body 348 for r/test_2,33,48,2025-10-24T08:12:47.972630+00:00,https://reddit.com/r/r/test_2/comments/r/test_2-348,,,
r/test_9-1498,r/test_9,r/test_9 title 1498,Body 1498 for r/test_9,48,48,2025-10-26T08:12:47.972630+00:00,https://reddit.com/r/r/test_9/comments/r/test_9-1498,,,
r/test_15-2487,r/test_15,r/test_15 title 2487,Body 2487 for r/test_15,82,37,2025-10-02T08:12:47.972630+00:00,https://reddit.com/r/r/test_15/comments/r/test_15-2487,,,
r/test_1-236,r/test_1,r/test_1 title 236,Body 236 for r/test_1,66,36,2025-10-16T08:12:47.972630+00:00,https://reddit.com/r/r/test_1/comments/r/test_1-236,,,
r/test_3-491,r/test_3,r/test_3 title 491,Body 491 for r/test_3,16,41,2025-10-12T08:12:47.972630+00:00,https://reddit.com/r/r/test_3/comments/r/test_3-491,,,
r/test_20-3206,r/test_20,r/test_20 title 3206,Body 3206 for r/test_20,11,6,2025-09-30T08:12:47.972630+00:00,https://reddit.com/r/r/test_20/comments/r/test_20-3206,,,
r/test_11-1802,r/test_11,r/test_11 title 1802,Body 1802 for r/test_11,32,2,2025-10-12T08:12:47.972630+00:00,https://reddit.com/r/r/test_11/comments/r/test_11-1802,,,
r/test_7-1151,r/test_7,r/test_7 title 1151,Body 1151 for r/test_7,36,1,2025-10-16T08:12:47.972630+00:00,https://reddit.com/r/r/test_7/comments/r/test_7-1151,,,
r/test_19-3118,r/test_19,r/test_19 title 3118,Body 3118 for r/test_19,68,18,2025-10-24T08:12:47.972630+00:00,https://reddit.com/r/r/test_19/comments/r/test_19-3118,,,
r/test_7-1156,r/test_7,r/test_7 title 1156,Body 1156 for r/test_7,41,6,2025-10-11T08:12:47.972630+00:00,https://reddit.com/r/r/test_7/comments/r/test_7-1156,,,
r/test_1-197,r/test_1,r/test_1 title 197,Body 197 for r/test_1,42,47,2025-10-16T08:12:47.972630+00:00,https://reddit.com/r/r/test_1/comments/r/test_1-197,,,
r/test_13-2178,r/test_13,r/test_13 title 2178,Body 2178 for r/test_13,93,28,2025-10-21T08:12:47.972630+00:00,https://reddit.com/r/r/test_13/comments/r/test_13-2178,,,
r/test_5-871,r/test_5,r/test_5 title 871,Body 871 for r/test_5,61,21,2025-10-17T08:12:47.972630+00:00,https://reddit.com/r/r/test_5/comments/r/test_5-871,,,
r/test_10-1611,r/test_10,r/test_10 title 1611,Body 1611 for r/test_10,16,11,2025-10-05T08:12:47.972630+00:00,https://reddit.com/r/r/test_10/comments/r/test_10-1611,,,
r/test_5-826,r/test_5,r/test_5 title 826,Body 826 for r/test_5,31,26,2025-10-23T08:12:47.972630+00:00,https://reddit.com/r/r/test_5/comments/r/test_5-826,,,
r/test_21-3455,r/test_21,r/test_21 title 3455,Body 3455 for r/test_21,90,5,2025-10-16T08:12:47.972630+00:00,https://reddit.com/r/r/test_21/comments/r/test_21-3455,,,
r/test_23-3709,r/test_23,r/test_23 title 3709,Body 3709 for r/test_23,34,9,2025-10-02T08:12:47.972630+00:00,https://reddit.com/r/r/test_23/comments/r/test_23-3709,,,
r/test_11-1853,r/test_11,r/test_11 title 1853,Body 1853 for r/test_11,88,3,2025-09-30T08:12:47.972630+00:00,https://reddit.com/r/r/test_11/comments/r/test_11-1853,,,
r/test_6-999,r/test_6,r/test_6 title 999,Body 999 for r/test_6,44,49,2025-10-09T08:12:47.972630+00:00,https://reddit.com/r/r/test_6/comments/r/test_6-999,,,
r/test_5-878,r/test_5,r/test_5 title 878,Body 878 for r/test_5,68,28,2025-10-10T08:12:47.972630+00:00,https://reddit.com/r/r/test_5/comments/r/test_5-878,,,
r/test_4-703,r/test_4,r/test_4 title 703,Body 703 for r/test_4,53,3,2025-10-26T08:12:47.972630+00:00,https://reddit.com/r/r/test_4/comments/r/test_4-703,,,
r/test_20-3264,r/test_20,r/test_20 title 3264,Body 3264 for r/test_20,54,14,2025-10-09T08:12:47.972630+00:00,https://reddit.com/r/r/test_20/comments/r/test_20-3264,,,
r/test_24-3856,r/test_24,r/test_24 title 3856,Body 3856 for r/test_24,21,6,2025-10-14T08:12:47.972630+00:00,https://reddit.com/r/r/test_24/comments/r/test_24-3856,,,
r/test_9-1499,r/test_9,r/test_9 title 1499,Body 1499 for r/test_9,49,49,2025-10-25T08:12:47.972630+00:00,https://reddit.com/r/r/test_9/comments/r/test_9-1499,,,
r/test_8-1366,r/test_8,r/test_8 title 1366,Body 1366 for r/test_8,81,16,2025-10-10T08:12:47.972630+00:00,https://reddit.com/r/r/test_8/comments/r/test_8-1366,,,
r/test_29-4714,r/test_29,r/test_29 title 4714,Body 4714 for r/test_29,64,14,2025-10-18T08:12:47.972630+00:00,https://reddit.com/r/r/test_29/comments/r/test_29-4714,,,
r/test_24-3927,r/test_24,r/test_24 title 3927,Body 3927 for r/test_24,82,27,2025-10-21T08:12:47.972630+00:00,https://reddit.com/r/r/test_24/comments/r/test_24-3927,,,
r/test_19-3106,r/test_19,r/test_19 title 3106,Body 3106 for r/test_19,56,6,2025-10-08T08:12:47.972630+00:00,https://reddit.com/r/r/test_19/comments/r/test_19-3106,,,
r/test_27-4331,r/test_27,r/test_27 title 4331,Body 4331 for r/test_27,16,31,2025-10-16T08:12:47.972630+00:00,https://reddit.com/r/r/test_27/comments/r/test_27-4331,,,
r/test_2-355,r/test_2,r/test_2 title 355,Body 355 for r/test_2,40,5,2025-10-17T08:12:47.972630+00:00,https://reddit.com/r/r/test_2/comments/r/test_2-355,,,
r/test_24-3886,r/test_24,r/test_24 title 3886,Body 3886 for r/test_24,36,36,2025-10-23T08:12:47.972630+00:00,https://reddit.com/r/r/test_24/comments/r/test_24-3886,,,
r/test_28-4537,r/test_28,r/test_28 title 4537,Body 4537 for r/test_28,47,37,2025-10-08T08:12:47.972630+00:00,https://reddit.com/r/r/test_28/comments/r/test_28-4537,,,
r/test_24-3908,r/test_24,r/test_24 title 3908,Body 3908 for r/test_24,58,8,2025-10-01T08:12:47.972630+00:00,https://reddit.com/r/r/test_24/comments/r/test_24-3908,,,
r/test_31-4980,r/test_31,r/test_31 title 4980,Body 4980 for r/test_31,25,30,2025-10-03T08:12:47.972630+00:00,https://reddit.com/r/r/test_31/comments/r/test_31-4980,,,
r/test_0-84,r/test_0,r/test_0 title 84,Body 84 for r/test_0,79,34,2025-10-20T08:12:47.972630+00:00,https://reddit.com/r/r/test_0/comments/r/test_0-84,,,
r/test_25-4034,r/test_25,r/test_25 title 4034,Body 4034 for r/test_25,39,34,2025-10-23T08:12:47.972630+00:00,https://reddit.com/r/r/test_25/comments/r/test_25-4034,,,
r/test_14-2307,r/test_14,r/test_14 title 2307,Body 2307 for r/test_14,57,7,2025-10-12T08:12:47.972630+00:00,https://reddit.com/r/r/test_14/comments/r/test_14-2307,,,
r/test_23-3702,r/test_23,r/test_23 title 3702,Body 3702 for r/test_23,27,2,2025-10-09T08:12:47.972630+00:00,https://reddit.com/r/r/test_23/comments/r/test_23-3702,,,
r/test_31-5038,r/test_31,r/test_31 title 5038,Body 5038 for r/test_31,68,38,2025-10-12T08:12:47.972630+00:00,https://reddit.com/r/r/test_31/comments/r/test_31-5038,,,
r/test_3-497,r/test_3,r/test_3 title 497,Body 497 for r/test_3,22,47,2025-10-06T08:12:47.972630+00:00,https://reddit.com/r/r/test_3/comments/r/test_3-497,,,
r/test_21-3389,r/test_21,r/test_21 title 3389,Body 3389 for r/test_21,34,39,2025-10-04T08:12:47.972630+00:00,https://reddit.com/r/r/test_21/comments/r/test_21-3389,,,
r/test_18-2926,r/test_18,r/test_18 title 2926,Body 2926 for r/test_18,36,26,2025-10-01T08:12:47.972630+00:00,https://reddit.com/r/r/test_18/comments/r/test_18-2926,,,
r/test_13-2174,r/test_13,r/test_13 title 2174,Body 2174 for r/test_13,89,24,2025-10-25T08:12:47.972630+00:00,https://reddit.com/r/r/test_13/comments/r/test_13-2174,,,
r/test_18-2880,r/test_18,r/test_18 title 2880,Body 2880 for r/test_18,5,30,2025-10-08T08:12:47.972630+00:00,https://reddit.com/r/r/test_18/comments/r/test_18-2880,,,
r/test_23-3683,r/test_23,r/test_23 title 3683,Body 3683 for r/test_23,8,33,2025-09-30T08:12:47.972630+00:00,https://reddit.com/r/r/test_23/comments/r/test_23-3683,,,
r/test_25-4003,r/test_25,r/test_25 title 4003,Body 4003 for r/test_25,8,3,2025-10-26T08:12:47.972630+00:00,https://reddit.com/r/r/test_25/comments/r/test_25-4003,,,
r/test_7-1120,r/test_7,r/test_7 title 1120,Body 1120 for r/test_7,5,20,2025-10-19T08:12:47.972630+00:00,https://reddit.com/r/r/test_7/comments/r/test_7-1120,,,
r/test_21-3360,r/test_21,r/test_21 title 3360,Body 3360 for r/test_21,5,10,2025-10-05T08:12:47.972630+00:00,https://reddit.com/r/r/test_21/comments/r/test_21-3360,,,
r/test_18-2884,r/test_18,r/test_18 title 2884,Body 2884 for r/test_18,9,34,2025-10-04T08:12:47.972630+00:00,https://reddit.com/r/r/test_18/comments/r/test_18-2884,,,
r/test_0-4,r/test_0,r/test_0 title 4,Body 4 for r/test_0,9,4,2025-10-22T08:12:47.972630+00:00,https://reddit.com/r/r/test_0/comments/r/test_0-4,,,
r/test_16-2564,r/test_16,r/test_16 title 2564,Body 2564 for r/test_16,9,14,2025-10-06T08:12:47.972630+00:00,https://reddit.com/r/r/test_16/comments/r/test_16-2564,,,
r/test_4-640,r/test_4,r/test_4 title 640,Body 640 for r/test_4,5,40,2025-10-22T08:12:47.972630+00:00,https://reddit.com/r/r/test_4/comments/r/test_4-640,,,
r/test_3-484,r/test_3,r/test_3 title 484,Body 484 for r/test_3,9,34,2025-10-19T08:12:47.972630+00:00,https://reddit.com/r/r/test_3/comments/r/test_3-484,,,
r/test_17-2723,r/test_17,r/test_17 title 2723,Body 2723 for r/test_17,8,23,2025-10-06T08:12:47.972630+00:00,https://reddit.com/r/r/test_17/comments/r/test_17-2723,,,
r/test_15-2402,r/test_15,r/test_15 title 2402,Body 2402 for r/test_15,7,2,2025-10-09T08:12:47.972630+00:00,https://reddit.com/r/r/test_15/comments/r/test_15-2402,,,
r/test_26-4160,r/test_26,r/test_26 title 4160,Body 4160 for r/test_26,5,10,2025-09-30T08:12:47.972630+00:00,https://reddit.com/r/r/test_26/comments/r/test_26-4160,,,
r/test_2-322,r/test_2,r/test_2 title 322,Body 322 for r/test_2,7,22,2025-10-22T08:12:47.972630+00:00,https://reddit.com/r/r/test_2/comments/r/test_2-322,,,
r/test_4-644,r/test_4,r/test_4 title 644,Body 644 for r/test_4,9,44,2025-10-18T08:12:47.972630+00:00,https://reddit.com/r/r/test_4/comments/r/test_4-644,,,
r/test_12-1921,r/test_12,r/test_12 title 1921,Body 1921 for r/test_12,6,21,2025-10-13T08:12:47.972630+00:00,https://reddit.com/r/r/test_12/comments/r/test_12-1921,,,
r/test_5-804,r/test_5,r/test_5 title 804,Body 804 for r/test_5,9,4,2025-10-17T08:12:47.972630+00:00,https://reddit.com/r/r/test_5/comments/r/test_5-804,,,
r/test_21-3363,r/test_21,r/test_21 title 3363,Body 3363 for r/test_21,8,13,2025-10-02T08:12:47.972630+00:00,https://reddit.com/r/r/test_21/comments/r/test_21-3363,,,
r/test_1-163,r/test_1,r/test_1 title 163,Body 163 for r/test_1,8,13,2025-10-22T08:12:47.972630+00:00,https://reddit.com/r/r/test_1/comments/r/test_1-163,,,
r/test_2-323,r/test_2,r/test_2 title 323,Body 323 for r/test_2,8,23,2025-10-21T08:12:47.972630+00:00,https://reddit.com/r/r/test_2/comments/r/test_2-323,,,
r/test_10-1600,r/test_10,r/test_10 title 1600,Body 1600 for r/test_10,5,0,2025-10-16T08:12:47.972630+00:00,https://reddit.com/r/r/test_10/comments/r/test_10-1600,,,
r/test_27-4323,r/test_27,r/test_27 title 4323,Body 4323 for r/test_27,8,23,2025-10-24T08:12:47.972630+00:00,https://reddit.com/r/r/test_27/comments/r/test_27-4323,,,
r/test_11-1764,r/test_11,r/test_11 title 1764,Body 1764 for r/test_11,9,14,2025-10-11T08:12:47.972630+00:00,https://reddit.com/r/r/test_11/comments/r/test_11-1764,,,
r/test_6-960,r/test_6,r/test_6 title 960,Body 960 for r/test_6,5,10,2025-10-20T08:12:47.972630+00:00,https://reddit.com/r/r/test_6/comments/r/test_6-960,,,
r/test_29-4642,r/test_29,r/test_29 title 4642,Body 4642 for r/test_29,7,42,2025-10-23T08:12:47.972630+00:00,https://reddit.com/r/r/test_29/comments/r/test_29-4642,,,
r/test_30-4802,r/test_30,r/test_30 title 4802,Body 4802 for r/test_30,7,2,2025-10-22T08:12:47.972630+00:00,https://reddit.com/r/r/test_30/comments/r/test_30-4802,,,
r/test_23-3682,r/test_23,r/test_23 title 3682,Body 3682 for r/test_23,7,32,2025-10-01T08:12:47.972630+00:00,https://reddit.com/r/r/test_23/comments/r/test_23-3682,,,
r/test_15-2401,r/test_15,r/test_15 title 2401,Body 2401 for r/test_15,6,1,2025-10-10T08:12:47.972630+00:00,https://reddit.com/r/r/test_15/comments/r/test_15-2401,,,
r/test_30-4804,r/test_30,r/test_30 title 4804,Body 4804 for r/test_30,9,4,2025-10-20T08:12:47.972630+00:00,https://reddit.com/r/r/test_30/comments/r/test_30-4804,,,
r/test_22-3524,r/test_22,r/test_22 title 3524,Body 3524 for r/test_22,9,24,2025-09-30T08:12:47.972630+00:00,https://reddit.com/r/r/test_22/comments/r/test_22-3524,,,
r/test_23-3681,r/test_23,r/test_23 title 3681,Body 3681 for r/test_23,6,31,2025-10-02T08:12:47.972630+00:00,https://reddit.com/r/r/test_23/comments/r/test_23-3681,,,
r/test_12-1924,r/test_12,r/test_12 title 1924,Body 1924 for r/test_12,9,24,2025-10-10T08:12:47.972630+00:00,https://reddit.com/r/r/test_12/comments/r/test_12-1924,,,
r/test_26-4163,r/test_26,r/test_26 title 4163,Body 4163 for r/test_26,8,13,2025-10-25T08:12:47.972630+00:00,https://reddit.com/r/r/test_26/comments/r/test_26-4163,,,
r/test_6-963,r/test_6,r/test_6 title 963,Body 963 for r/test_6,8,13,2025-10-17T08:12:47.972630+00:00,https://reddit.com/r/r/test_6/comments/r/test_6-963,,,
r/test_14-2241,r/test_14,r/test_14 title 2241,Body 2241 for r/test_14,6,41,2025-10-11T08:12:47.972630+00:00,https://reddit.com/r/r/test_14/comments/r/test_14-2241,,,
r/test_25-4004,r/test_25,r/test_25 title 4004,Body 4004 for r/test_25,9,4,2025-10-25T08:12:47.972630+00:00,https://reddit.com/r/r/test_25/comments/r/test_25-4004,,,
r/test_14-2244,r/test_14,r/test_14 title 2244,Body 2244 for r/test_14,9,44,2025-10-08T08:12:47.972630+00:00,https://reddit.com/r/r/test_14/comments/r/test_14-2244,,,
r/test_30-4803,r/test_30,r/test_30 title 4803,Body 4803 for r/test_30,8,3,2025-10-21T08:12:47.972630+00:00,https://reddit.com/r/r/test_30/comments/r/test_30-4803,,,
r/test_8-1282,r/test_8,r/test_8 title 1282,Body 1282 for r/test_8,7,32,2025-10-16T08:12:47.972630+00:00,https://reddit.com/r/r/test_8/comments/r/test_8-1282,,,
r/test_9-1444,r/test_9,r/test_9 title 1444,Body 1444 for r/test_9,9,44,2025-10-13T08:12:47.972630+00:00,https://reddit.com/r/r/test_9/comments/r/test_9-1444,,,
r/test_19-3042,r/test_19,r/test_19 title 3042,Body 3042 for r/test_19,7,42,2025-10-05T08:12:47.972630+00:00,https://reddit.com/r/r/test_19/comments/r/test_19-3042,,,
r/test_29-4643,r/test_29,r/test_29 title 4643,Body 4643 for r/test_29,8,43,2025-10-22T08:12:47.972630+00:00,https://reddit.com/r/r/test_29/comments/r/test_29-4643,,,
r/test_5-800,r/test_5,r/test_5 title 800,Body 800 for r/test_5,5,0,2025-10-21T08:12:47.972630+00:00,https://reddit.com/r/r/test_5/comments/r/test_5-800,,,
r/test_10-1603,r/test_10,r/test_10 title 1603,Body 1603 for r/test_10,8,3,2025-10-13T08:12:47.972630+00:00,https://reddit.com/r/r/test_10/comments/r/test_10-1603,,,
r/test_9-1443,r/test_9,r/test_9 title 1443,Body 1443 for r/test_9,8,43,2025-10-14T08:12:47.972630+00:00,https://reddit.com/r/r/test_9/comments/r/test_9-1443,,,
r/test_27-4322,r/test_27,r/test_27 title 4322,Body 4322 for r/test_27,7,22,2025-10-25T08:12:47.972630+00:00,https://reddit.com/r/r/test_27/comments/r/test_27-4322,,,
r/test_4-641,r/test_4,r/test_4 title 641,Body 641 for r/test_4,6,41,2025-10-21T08:12:47.972630+00:00,https://reddit.com/r/r/test_4/comments/r/test_4-641,,,
r/test_8-1284,r/test_8,r/test_8 title 1284,Body 1284 for r/test_8,9,34,2025-10-14T08:12:47.972630+00:00,https://reddit.com/r/r/test_8/comments/r/test_8-1284,,,
r/test_15-2400,r/test_15,r/test_15 title 2400,Body 2400 for r/test_15,5,0,2025-10-11T08:12:47.972630+00:00,https://reddit.com/r/r/test_15/comments/r/test_15-2400,,,
r/test_17-2724,r/test_17,r/test_17 title 2724,Body 2724 for r/test_17,9,24,2025-10-05T08:12:47.972630+00:00,https://reddit.com/r/r/test_17/comments/r/test_17-2724,,,
