name,sr_hits,post_hits,author_bonus,domain_hits,total_weight
r/ShopeePH,3,54,0.0,0,60.0
r/dropshipping,4,48,1.0,0,56.5
r/AmazonFBA,2,50,3.0,0,55.5
r/shopify,4,31,3.0,0,40.5
r/ecommerce,5,24,1.0,0,34.5
r/Tech_Philippines,2,30,0.0,0,34.0
r/TikTokshop,1,26,0.0,0,28.0
r/SBCGaming,4,16,3.0,0,25.5
r/FulfillmentByAmazon,2,19,2.0,0,24.0
r/Entrepreneur,6,8,2.0,0,21.0
r/dropship,6,7,1.0,0,19.5
r/worldnews,3,12,2.0,0,19.0
r/gpdwin,1,15,0.0,0,17.0
r/Etsy,2,12,0.0,0,16.0
r/EtsySellers,3,10,0.0,0,16.0
r/ayaneo,1,13,2.0,0,16.0
r/CompetitiveHalo,1,13,0.0,0,15.0
r/AtinAtinLang,2,10,0.0,0,14.0
r/kickstarter,2,9,1.0,0,13.5
r/politics,4,5,0.0,0,13.0
r/Aliexpress,1,11,0.0,0,13.0
r/europe,2,9,0.0,0,13.0
r/technology,3,6,1.0,0,12.5
r/EcommerceWebsite,1,10,1.0,0,12.5
r/mildlyinfuriating,3,6,0.0,0,12.0
r/Helldivers,1,10,0.0,0,12.0
r/smallbusiness,4,3,0.0,0,11.0
r/news,3,5,0.0,0,11.0
r/AmazonFBATips,2,6,1.0,0,10.5
r/ShopifyeCommerce,2,6,1.0,0,10.5
r/DnD,1,8,1.0,0,10.5
r/india,5,0,0.0,0,10.0
r/leagueoflegends,2,6,0.0,0,10.0
r/webdev,2,6,0.0,0,10.0
r/PHbuildapc,2,6,0.0,0,10.0
r/PHCreditCards,2,6,0.0,0,10.0
r/Indiegogo,1,8,0.0,0,10.0
r/ActionFigures,4,1,0.0,0,9.0
r/gaming,3,3,0.0,0,9.0
r/NintendoPH,2,5,0.0,0,9.0
r/PHRunners,2,5,0.0,0,9.0
r/stocks,1,6,1.0,0,8.5
r/OdinHandheld,1,6,1.0,0,8.5
r/canada,3,2,0.0,0,8.0
r/brasil,3,2,0.0,0,8.0
r/3Dprinting,3,2,0.0,0,8.0
r/reviewmyshopify,2,3,1.0,0,7.5
r/labubu,2,3,1.0,0,7.5
r/walmart,1,5,1.0,0,7.5
r/Games,2,3,1.0,0,7.5
r/amazonprime,2,3,0.0,0,7.0
r/dvdcollection,3,1,0.0,0,7.0
r/4kbluray,3,1,0.0,0,7.0
r/selfpublish,3,1,0.0,0,7.0
r/MarvelLegends,3,1,0.0,0,7.0
r/wallstreetbets,1,5,0.0,0,7.0
r/webflow,3,1,0.0,0,7.0
r/battletech,2,3,0.0,0,7.0
r/indonesia,3,1,0.0,0,7.0
r/malaysia,3,1,0.0,0,7.0
r/singapore,2,3,0.0,0,7.0
r/SingaporeRaw,2,3,0.0,0,7.0
r/boardgames,2,3,0.0,0,7.0
r/australia,2,3,0.0,0,7.0
r/China,2,3,0.0,0,7.0
r/mildlyinteresting,1,4,1.0,0,6.5
r/LabubuDrops,1,4,1.0,0,6.5
r/pcgaming,2,2,1.0,0,6.5
r/VinylDeals,3,0,0.0,0,6.0
r/funny,2,2,0.0,0,6.0
r/pcmasterrace,2,2,0.0,0,6.0
r/transformers,3,0,0.0,0,6.0
r/Bitcoin,3,0,0.0,0,6.0
r/R6ProLeague,1,4,0.0,0,6.0
r/FacebookAds,2,2,0.0,0,6.0
r/starcraft,3,0,0.0,0,6.0
r/PPC,3,0,0.0,0,6.0
r/EntrepreneurRideAlong,3,0,0.0,0,6.0
r/legostarwars,2,2,0.0,0,6.0
r/sewing,2,2,0.0,0,6.0
r/gamecollecting,2,2,0.0,0,6.0
r/LazShop_PH,3,0,0.0,0,6.0
r/affiliatePH,3,0,0.0,0,6.0
r/askSingapore,2,2,0.0,0,6.0
r/Thailand,2,2,0.0,0,6.0
r/DigitalbanksPh,2,2,0.0,0,6.0
r/catsofrph,2,2,0.0,0,6.0
r/Filmmakers,1,4,0.0,0,6.0
r/energy,2,2,0.0,0,6.0
r/antiwork,1,3,1.0,0,5.5
r/shopifyDev,1,3,1.0,0,5.5
r/Dropshipping_Guide,2,1,1.0,0,5.5
r/passive_income,1,3,1.0,0,5.5
r/ChineseWatches,1,3,1.0,0,5.5
r/Anticonsumption,1,3,1.0,0,5.5
r/inflation,0,5,1.0,0,5.5
r/AmazonFBAOnlineRetail,2,1,0.0,0,5.0
r/slavelabour,2,1,0.0,0,5.0
r/startups,2,1,0.0,0,5.0
r/titanfall,1,3,0.0,0,5.0
r/lego,2,1,0.0,0,5.0
r/ImaginaryStarships,1,3,0.0,0,5.0
r/DropshippingTips,1,2,2.0,0,5.0
r/ecommerce_growth,1,3,0.0,0,5.0
r/EtsyCommunity,1,3,0.0,0,5.0
r/etsypromos,1,3,0.0,0,5.0
r/Moissanite,2,1,0.0,0,5.0
r/fountainpens,2,1,0.0,0,5.0
r/AliExpressMergeBoss,2,1,0.0,0,5.0
r/Depop,2,1,0.0,0,5.0
r/tiktokshopsaffiliates,1,3,0.0,0,5.0
r/beautytalkph,2,1,0.0,0,5.0
r/phinvest,2,1,0.0,0,5.0
r/TipidFindsPH,2,1,0.0,0,5.0
r/Bolehland,2,1,0.0,0,5.0
r/RedditPHCyclingClub,2,1,0.0,0,5.0
r/adultingph,2,1,0.0,0,5.0
r/malaysians,2,1,0.0,0,5.0
r/VietNam,2,1,0.0,0,5.0
r/PHitness,2,1,0.0,0,5.0
r/davao,2,1,0.0,0,5.0
r/golpe,1,3,0.0,0,5.0
r/shittykickstarters,2,1,0.0,0,5.0
r/IndieGaming,2,1,0.0,0,5.0
r/deathbattle,1,3,0.0,0,5.0
r/comicbooks,2,1,0.0,0,5.0
r/IndieDev,2,1,0.0,0,5.0
r/Economics,2,1,0.0,0,5.0
r/todayilearned,2,1,0.0,0,5.0
r/economy,2,1,0.0,0,5.0
r/godot,2,1,0.0,0,5.0
r/50501,0,5,0.0,0,5.0
r/LeopardsAteMyFarm,0,5,0.0,0,5.0
r/Printify,1,2,1.0,0,4.5
r/Futurology,0,4,1.0,0,4.5
r/amazon,2,0,0.0,0,4.0
r/AmazonSeller,2,0,0.0,0,4.0
r/bapcsalescanada,1,2,0.0,0,4.0
r/buildapcsales,2,0,0.0,0,4.0
r/Boardgamedeals,2,0,0.0,0,4.0
r/funkopop,2,0,0.0,0,4.0
r/amazonemployees,1,2,0.0,0,4.0
r/NintendoSwitchDeals,2,0,0.0,0,4.0
r/VideoGameDealsCanada,2,0,0.0,0,4.0
r/amiibo,2,0,0.0,0,4.0
r/legodeal,2,0,0.0,0,4.0
r/consoledeals,2,0,0.0,0,4.0
r/Steelbooks,2,0,0.0,0,4.0
r/Fantasy,2,0,0.0,0,4.0
r/amazonsellers,2,0,0.0,0,4.0
r/NintendoSwitch,2,0,0.0,0,4.0
r/LateStageCapitalism,1,2,0.0,0,4.0
r/csMajors,2,0,0.0,0,4.0
r/ShopifyWebsites,1,2,0.0,0,4.0
r/forhire,2,0,0.0,0,4.0
r/SEO,2,0,0.0,0,4.0
r/CryptoCurrency,2,0,0.0,0,4.0
r/dogecoin,2,0,0.0,0,4.0
r/Wordpress,2,0,0.0,0,4.0
r/CryptoMoonShots,2,0,0.0,0,4.0
r/ShopifyEcommerceMates,2,0,0.0,0,4.0
r/ShopifyTikTokShop,2,0,0.0,0,4.0
r/DropshipMarketing,2,0,0.0,0,4.0
r/starcitizen,1,2,0.0,0,4.0
r/lepin,2,0,0.0,0,4.0
r/digital_marketing,1,2,0.0,0,4.0
r/Learn_Ecommerce,2,0,0.0,0,4.0
r/empreendedorismo,2,0,0.0,0,4.0
r/B2Becommerce_Hub,1,2,0.0,0,4.0
r/blackamerica,1,2,0.0,0,4.0
r/succulents,2,0,0.0,0,4.0
r/houseplants,2,0,0.0,0,4.0
r/furry,2,0,0.0,0,4.0
r/lightsabers,2,0,0.0,0,4.0
r/Nerf,2,0,0.0,0,4.0
r/starwarsblackseries,2,0,0.0,0,4.0
r/RainbowHigh,2,0,0.0,0,4.0
r/depoop,2,0,0.0,0,4.0
r/PokemonTCG,1,2,0.0,0,4.0
r/Philippines,2,0,0.0,0,4.0
r/PHGamers,2,0,0.0,0,4.0
r/NANIKPosting,2,0,0.0,0,4.0
r/ShopeeLazadaHacks,2,0,0.0,0,4.0
r/ShopeeLazadaTiktokPH,2,0,0.0,0,4.0
r/SolarTech,2,0,0.0,0,4.0
r/phdailydiscounts,2,0,0.0,0,4.0
r/CasualPH,2,0,0.0,0,4.0
r/TECNOphone,2,0,0.0,0,4.0
r/badshopee,2,0,0.0,0,4.0
r/philippinescoupon,2,0,0.0,0,4.0
r/ShopeeVouchers_Finds,2,0,0.0,0,4.0
r/PHBookClub,2,0,0.0,0,4.0
r/AudioPH,2,0,0.0,0,4.0
r/jualbeliindonesia,2,0,0.0,0,4.0
r/classifiedsph,2,0,0.0,0,4.0
r/AskPH,2,0,0.0,0,4.0
r/fashionph,2,0,0.0,0,4.0
r/tsaaph,1,2,0.0,0,4.0
r/OffMyChestPH,2,0,0.0,0,4.0
r/Bangkok,1,2,0.0,0,4.0
r/Cebu,2,0,0.0,0,4.0
r/phmoneysaving,2,0,0.0,0,4.0
r/AsianBeauty,2,0,0.0,0,4.0
r/RepPH,2,0,0.0,0,4.0
r/indotech,1,2,0.0,0,4.0
r/KickstarterAdvice,2,0,0.0,0,4.0
r/oculus,2,0,0.0,0,4.0
r/ComicBookCollabs,2,0,0.0,0,4.0
r/visualnovels,2,0,0.0,0,4.0
r/kickstartercritique,2,0,0.0,0,4.0
r/Kickstarterwatch,2,0,0.0,0,4.0
r/linux_gaming,2,0,0.0,0,4.0
r/KotakuInAction,2,0,0.0,0,4.0
r/brandonsanderson,1,2,0.0,0,4.0
r/crowdfundingprojects,2,0,0.0,0,4.0
r/CrowdfundedBoardgames,2,0,0.0,0,4.0
r/vita,2,0,0.0,0,4.0
r/RingConn,2,0,0.0,0,4.0
r/gtaonline,2,0,0.0,0,4.0
r/IndiaSpeaks,2,0,0.0,0,4.0
r/neoliberal,2,0,0.0,0,4.0
r/Wallstreetsilver,2,0,0.0,0,4.0
r/ukpolitics,2,0,0.0,0,4.0
r/GachaClub,2,0,0.0,0,4.0
r/pakistan,2,0,0.0,0,4.0
r/PowerShell,2,0,0.0,0,4.0
r/sandiegonian,2,0,0.0,0,4.0
r/Sino,2,0,0.0,0,4.0
r/Lightroom,2,0,0.0,0,4.0
r/unitedkingdom,2,0,0.0,0,4.0
r/brexit,2,0,0.0,0,4.0
r/MapPorn,1,2,0.0,0,4.0
r/Scotland,1,2,0.0,0,4.0
r/baseball,0,4,0.0,0,4.0
r/chile,0,4,0.0,0,4.0
r/TopCharacterTropes,0,4,0.0,0,4.0
r/RepublicResearch,0,4,0.0,0,4.0
r/LeopardsAteMyFace,0,4,0.0,0,4.0
r/ShopifyAppDev,1,1,1.0,0,3.5
r/NoMansSkyTheGame,1,1,1.0,0,3.5
r/Amazonsellercentral,1,1,1.0,0,3.5
r/WalmartEmployees,1,1,1.0,0,3.5
r/synthesizers,1,1,1.0,0,3.5
r/WebDeveloperJobs,0,3,1.0,0,3.5
r/dndmemes,0,3,1.0,0,3.5
r/crownpuffdeals,0,3,1.0,0,3.5
r/WhitePeopleTwitter,0,3,1.0,0,3.5
r/illinois,0,3,1.0,0,3.5
r/scotus,0,3,1.0,0,3.5
r/leetcode,1,1,0.0,0,3.0
r/aws,1,1,0.0,0,3.0
r/Showerthoughts,1,1,0.0,0,3.0
r/fuckamazon,1,1,0.0,0,3.0
r/IndianGaming,1,1,0.0,0,3.0
r/ValorantCompetitive,1,1,0.0,0,3.0
r/RocketLeagueEsports,1,1,0.0,0,3.0
r/woocommerce,1,1,0.0,0,3.0
r/apexlegends,1,1,0.0,0,3.0
r/StarfieldShips,1,1,0.0,0,3.0
r/Warframe,1,1,0.0,0,3.0
r/HalfLife,1,1,0.0,0,3.0
r/helldivers2,1,1,0.0,0,3.0
r/DestinyTheGame,1,1,0.0,0,3.0
r/ICARUS,1,1,0.0,0,3.0
r/marketing,1,1,0.0,0,3.0
r/ecommercebr,1,1,0.0,0,3.0
r/sidehustle,1,1,0.0,0,3.0
r/blackmen,1,1,0.0,0,3.0
r/freeblackmen,1,1,0.0,0,3.0
r/SideHustleGrind,1,1,0.0,0,3.0
r/FoundationalBlackAmer,1,1,0.0,0,3.0
r/CrossStitch,1,1,0.0,0,3.0
r/crochet,1,1,0.0,0,3.0
r/Crystals,1,1,0.0,0,3.0
r/somethingimade,1,1,0.0,0,3.0
r/EngagementRings,1,1,0.0,0,3.0
r/delusionalartists,1,1,0.0,0,3.0
r/Gifts,1,1,0.0,0,3.0
r/Amigurumi,1,1,0.0,0,3.0
r/harrypotter,1,1,0.0,0,3.0
r/AliExpressBR,1,1,0.0,0,3.0
r/MechanicalKeyboards,1,1,0.0,0,3.0
r/chineseknives,1,1,0.0,0,3.0
r/AppleWatch,1,1,0.0,0,3.0
r/srilanka,1,1,0.0,0,3.0
r/Sparkdriver,1,1,0.0,0,3.0
r/pokemoncards,1,1,0.0,0,3.0
r/TikTok,1,1,0.0,0,3.0
r/tiktokgossip,1,1,0.0,0,3.0
r/KelseyRhaeTT,1,1,0.0,0,3.0
r/PopMartCollectors,1,1,0.0,0,3.0
r/DrSquatch,1,1,0.0,0,3.0
r/jeffreestarcosmetics,1,1,0.0,0,3.0
r/PollexSaleheBembury,1,1,0.0,0,3.0
r/lazadareviews,1,1,0.0,0,3.0
r/ThisorThatPH,1,1,0.0,0,3.0
r/buhaydigital,1,1,0.0,0,3.0
r/Philippines_Expats,1,1,0.0,0,3.0
r/farialimabets,1,1,0.0,0,3.0
r/rpg,1,1,0.0,0,3.0
r/PrintedMinis,1,1,0.0,0,3.0
r/DeathBattleMatchups,1,1,0.0,0,3.0
r/Indivisible,1,1,0.0,0,3.0
r/Assistance,1,1,0.0,0,3.0
r/startrek,1,1,0.0,0,3.0
r/BoostYourCampaign,1,1,0.0,0,3.0
r/DiceThrone,1,1,0.0,0,3.0
r/Conservative,1,1,0.0,0,3.0
r/excel,1,1,0.0,0,3.0
r/exportersindia,1,1,0.0,0,3.0
r/CarsIndia,1,1,0.0,0,3.0
r/CanadaPolitics,1,1,0.0,0,3.0
r/dataisbeautiful,1,1,0.0,0,3.0
r/cscareerquestions,0,3,0.0,0,3.0
r/Seattle,0,3,0.0,0,3.0
r/BoomersBeingFools,0,3,0.0,0,3.0
r/MMORPG,0,3,0.0,0,3.0
r/science,0,3,0.0,0,3.0
r/Wellthatsucks,0,3,0.0,0,3.0
r/NonPoliticalTwitter,0,3,0.0,0,3.0
r/nba,0,3,0.0,0,3.0
r/altfashionadvice,0,3,0.0,0,3.0
r/digitalproductselling,0,3,0.0,0,3.0
r/CorpoChikaPH,0,3,0.0,0,3.0
r/tragedeigh,0,3,0.0,0,3.0
r/mtg,0,3,0.0,0,3.0
r/homeassistant,0,3,0.0,0,3.0
r/skincarephilippines,0,3,0.0,0,3.0
r/DungeonCrawlerCarl,0,3,0.0,0,3.0
r/LPOTL,0,3,0.0,0,3.0
r/sadcringe,0,2,1.0,0,2.5
r/AI_Agents,0,2,1.0,0,2.5
r/lovable,0,2,1.0,0,2.5
r/DeveloperJobs,0,2,1.0,0,2.5
r/KonkrPocketFit,0,2,1.0,0,2.5
r/AmazonFC,1,0,0.0,0,2.0
r/AmazonVine,1,0,0.0,0,2.0
r/AmazonDSPDrivers,1,0,0.0,0,2.0
r/AmazonWTF,1,0,0.0,0,2.0
r/AmazonFlexDrivers,1,0,0.0,0,2.0
r/AmazonPrimeVideo,1,0,0.0,0,2.0
r/Random_Acts_Of_Amazon,1,0,0.0,0,2.0
r/Amazon_Influencer,1,0,0.0,0,2.0
r/GameDeals,1,0,0.0,0,2.0
r/AmazonAnswers,1,0,0.0,0,2.0
r/AmazonDailyMustHaves,1,0,0.0,0,2.0
r/AmazonMusic,1,0,0.0,0,2.0
r/AmazonDS,1,0,0.0,0,2.0
r/AmazonFinds,1,0,0.0,0,2.0
r/AzureLane,1,0,0.0,0,2.0
r/AmazonUnder25,1,0,0.0,0,2.0
r/PS4Deals,1,0,0.0,0,2.0
r/wtf_amazon,1,0,0.0,0,2.0
r/BestOnAmazon,1,0,0.0,0,2.0
r/AmazonHacks,1,0,0.0,0,2.0
r/AmazonWishlistGiving,1,0,0.0,0,2.0
r/AmazonQueen300,1,0,0.0,0,2.0
r/AmazonWarehouse,1,0,0.0,0,2.0
r/television,1,0,0.0,0,2.0
r/vine,1,0,0.0,0,2.0
r/AntiAmazon,1,0,0.0,0,2.0
r/kindle,1,0,0.0,0,2.0
r/alexa,1,0,0.0,0,2.0
r/amazonreviews,1,0,0.0,0,2.0
r/amazonecho,1,0,0.0,0,2.0
r/AmazonofDeals,1,0,0.0,0,2.0
r/AmazonTopRated,1,0,0.0,0,2.0
r/AmazonMerch,1,0,0.0,0,2.0
r/AmazonDiscounts,1,0,0.0,0,2.0
r/amazonfresh,1,0,0.0,0,2.0
r/cordcutters,1,0,0.0,0,2.0
r/AmazonUnder5,1,0,0.0,0,2.0
r/BestOfAmazonPrime,1,0,0.0,0,2.0
r/amazonwishlist,1,0,0.0,0,2.0
r/AmazonRME,1,0,0.0,0,2.0
r/AmazonWFShoppers,1,0,0.0,0,2.0
r/amazonspecials,1,0,0.0,0,2.0
r/AmazonFlex,1,0,0.0,0,2.0
r/USPS,1,0,0.0,0,2.0
r/AmazonFlexUK,1,0,0.0,0,2.0
r/RealAmazonFlexDrivers,1,0,0.0,0,2.0
r/FASCAmazon,1,0,0.0,0,2.0
r/MerchByAmazon,1,0,0.0,0,2.0
r/JeffAmazon,1,0,0.0,0,2.0
r/AmazonFreebies,1,0,0.0,0,2.0
r/TheCheapestOfAmazon,1,0,0.0,0,2.0
r/AmazonKDP,1,0,0.0,0,2.0
r/AmazonArgentina,1,0,0.0,0,2.0
r/AmazonPrimeDeals,1,0,0.0,0,2.0
r/AnywhereButAmazon,1,0,0.0,0,2.0
r/GadgetsFromAmazon,1,0,0.0,0,2.0
r/deAmazon,1,0,0.0,0,2.0
r/ShopifySEO,1,0,0.0,0,2.0
r/Shopify_Users,1,0,0.0,0,2.0
r/shopify_store_owners,1,0,0.0,0,2.0
r/shopify_hustlers,1,0,0.0,0,2.0
r/Shopify_Success,1,0,0.0,0,2.0
r/ShopifyNew,1,0,0.0,0,2.0
r/ShopifyAppMarketing,1,0,0.0,0,2.0
r/shopify_geeks,1,0,0.0,0,2.0
r/ShopifyDevelopment,1,0,0.0,0,2.0
r/ShopifyApps,1,0,0.0,0,2.0
r/shopifystoreowners,1,0,0.0,0,2.0
r/shopifyappstore,1,0,0.0,0,2.0
r/ShopifyUK,1,0,0.0,0,2.0
r/ShopifyPlus,1,0,0.0,0,2.0
r/CanadianInvestor,1,0,0.0,0,2.0
r/ShopifyDeals,1,0,0.0,0,2.0
r/ShopifyPros,1,0,0.0,0,2.0
r/Shopify_Advanced,1,0,0.0,0,2.0
r/ShopifyDevs,1,0,0.0,0,2.0
r/DotA2,1,0,0.0,0,2.0
r/ShopifyRebellion,1,0,0.0,0,2.0
r/Shopify_Australia,1,0,0.0,0,2.0
r/uwaterloo,1,0,0.0,0,2.0
r/SeriousShopify,1,0,0.0,0,2.0
r/AMPToken,1,0,0.0,0,2.0
r/AutomateShopify,1,0,0.0,0,2.0
r/ShopifyPartners,1,0,0.0,0,2.0
r/Shopify_USA,1,0,0.0,0,2.0
r/AskShopify,1,0,0.0,0,2.0
r/ottawa,1,0,0.0,0,2.0
r/ShopifyHero,1,0,0.0,0,2.0
r/ShopifyPhilippines,1,0,0.0,0,2.0
r/Shopify_Merchant,1,0,0.0,0,2.0
r/ShopifySEOExperts,1,0,0.0,0,2.0
r/ShopifyHydrogen,1,0,0.0,0,2.0
r/printondemand,1,0,0.0,0,2.0
r/Shopify_India,1,0,0.0,0,2.0
r/investing,1,0,0.0,0,2.0
r/CANADA_shopify,1,0,0.0,0,2.0
r/ShopifyAttribution,1,0,0.0,0,2.0
r/ShopifyEntrepreneurs,1,0,0.0,0,2.0
r/SoBooster_Shopify,1,0,0.0,0,2.0
r/ruby,1,0,0.0,0,2.0
r/NewShopifyApp,1,0,0.0,0,2.0
r/HireShopifyExpert_,1,0,0.0,0,2.0
r/Netsuite,1,0,0.0,0,2.0
r/OutdoorVoices,1,0,0.0,0,2.0
r/CoolShopifySites,1,0,0.0,0,2.0
r/promote_my_shopify,1,0,0.0,0,2.0
r/shopify_sales_fix,1,0,0.0,0,2.0
r/ShopifyAppBetas,1,0,0.0,0,2.0
r/ReviewMyShopifyStore,1,0,0.0,0,2.0
r/shopifybots,1,0,0.0,0,2.0
r/Shop,1,0,0.0,0,2.0
r/Shopifynews,1,0,0.0,0,2.0
r/Shopifyjobs,1,0,0.0,0,2.0
r/shopifystorereview,1,0,0.0,0,2.0
r/Shopifygroup,1,0,0.0,0,2.0
r/shopifypluginstore,1,0,0.0,0,2.0
r/DropshipForBeginners,1,0,0.0,0,2.0
r/ChinaDropship,1,0,0.0,0,2.0
r/DropshipService,1,0,0.0,0,2.0
r/spaceengineers,1,0,0.0,0,2.0
r/DropShipping101,1,0,0.0,0,2.0
r/EliteDangerous,1,0,0.0,0,2.0
r/DropshipNOSPAM,1,0,0.0,0,2.0
r/DropshipUnlocked,1,0,0.0,0,2.0
r/DropshipCentral,1,0,0.0,0,2.0
r/HouseplantDropship,1,0,0.0,0,2.0
r/KerbalSpaceProgram,1,0,0.0,0,2.0
r/Mechwarrior5,1,0,0.0,0,2.0
r/FacebookDropship,1,0,0.0,0,2.0
r/DropshipCourse,1,0,0.0,0,2.0
r/OutreachHPG,1,0,0.0,0,2.0
r/OrganicDropship,1,0,0.0,0,2.0
r/TaobaoDropship,1,0,0.0,0,2.0
r/HFY,1,0,0.0,0,2.0
r/Battletechgame,1,0,0.0,0,2.0
r/DropshipBets,1,0,0.0,0,2.0
r/dropshipUSA,1,0,0.0,0,2.0
r/megaconstrux,1,0,0.0,0,2.0
r/dropshipIndia,1,0,0.0,0,2.0
r/halo,1,0,0.0,0,2.0
r/ZillaDropshipForces,1,0,0.0,0,2.0
r/Overwatch,1,0,0.0,0,2.0
r/EvolveGame,1,0,0.0,0,2.0
r/DropshippingST,1,0,0.0,0,2.0
r/Dropshipsupplier,1,0,0.0,0,2.0
r/DropshippingService,1,0,0.0,0,2.0
r/LV426,1,0,0.0,0,2.0
r/AmongUs,1,0,0.0,0,2.0
r/Dropshipping_France,1,0,0.0,0,2.0
r/Starfield,1,0,0.0,0,2.0
r/DeepRockGalactic,1,0,0.0,0,2.0
r/DropshippingHustle44,1,0,0.0,0,2.0
r/AdeptusCustodes,1,0,0.0,0,2.0
r/Dropshipping2025,1,0,0.0,0,2.0
r/Dropshipping_AutoDS,1,0,0.0,0,2.0
r/LowSodiumHellDivers,1,0,0.0,0,2.0
r/Dropshipping_com,1,0,0.0,0,2.0
r/dropshipping_on_ebay,1,0,0.0,0,2.0
r/Legomarket,1,0,0.0,0,2.0
r/Warhammer40k,1,0,0.0,0,2.0
r/DropshippingBiz,1,0,0.0,0,2.0
r/The100,1,0,0.0,0,2.0
r/lego_raffles,1,0,0.0,0,2.0
r/dropshipping_india,1,0,0.0,0,2.0
r/ApexOutlands,1,0,0.0,0,2.0
r/DropshippingHacks,1,0,0.0,0,2.0
r/DropshippingNinja,1,0,0.0,0,2.0
r/NMSCoordinateExchange,1,0,0.0,0,2.0
r/Freight_Forwarder_CN,1,0,0.0,0,2.0
r/dropshipelites,1,0,0.0,0,2.0
r/Dropshipguide,1,0,0.0,0,2.0
r/TheseFuckingAccounts,1,0,0.0,0,2.0
r/drop_shipping,1,0,0.0,0,2.0
r/DropShippingNetwork,1,0,0.0,0,2.0
r/battlefield3,1,0,0.0,0,2.0
r/RimWorld,1,0,0.0,0,2.0
r/dropshippingbrasil,1,0,0.0,0,2.0
r/yoyhammer,1,0,0.0,0,2.0
r/TroopersExtermination,1,0,0.0,0,2.0
r/DropshippingOneStop,1,0,0.0,0,2.0
r/DropshippingMaster,1,0,0.0,0,2.0
r/Dropshippingebay,1,0,0.0,0,2.0
r/dropshippingtoolsfree,1,0,0.0,0,2.0
r/dropshippinghustle,1,0,0.0,0,2.0
r/dropshippingladies,1,0,0.0,0,2.0
r/DropshippingIndia,1,0,0.0,0,2.0
r/DropshippingProducts,1,0,0.0,0,2.0
r/DropshippingUK,1,0,0.0,0,2.0
r/dropshipper,1,0,0.0,0,2.0
r/dropshipromania,1,0,0.0,0,2.0
r/DropshippingLatam,1,0,0.0,0,2.0
r/dropshippingwinners,1,0,0.0,0,2.0
r/ecommercemarketing,1,0,0.0,0,2.0
r/e_commerce,1,0,0.0,0,2.0
r/EcommerceSuccess,1,0,0.0,0,2.0
r/EcommercePartners,1,0,0.0,0,2.0
r/AI_ecommerce,1,0,0.0,0,2.0
r/B2B_Ecommerce_Talk,1,0,0.0,0,2.0
r/AI_In_ECommerce,1,0,0.0,0,2.0
r/ecommerces,1,0,0.0,0,2.0
r/eCommerceSEO,1,0,0.0,0,2.0
r/FinanceECommerce,1,0,0.0,0,2.0
r/web_design,1,0,0.0,0,2.0
r/ECommerceLatest,1,0,0.0,0,2.0
r/django,1,0,0.0,0,2.0
r/ecommentrepreneurs,1,0,0.0,0,2.0
r/EcommerceBrasil,1,0,0.0,0,2.0
r/ecommerce_community,1,0,0.0,0,2.0
r/AlgeriaEcommerce,1,0,0.0,0,2.0
r/Superstonk,1,0,0.0,0,2.0
r/uk_ecommerce,1,0,0.0,0,2.0
r/EcommerceMillionaire,1,0,0.0,0,2.0
r/bigseo,1,0,0.0,0,2.0
r/Gamestop_ecommerce,1,0,0.0,0,2.0
r/Buyingcom,1,0,0.0,0,2.0
r/EcommerceIndia,1,0,0.0,0,2.0
r/nextjs,1,0,0.0,0,2.0
r/laravel,1,0,0.0,0,2.0
r/PHP,1,0,0.0,0,2.0
r/reactjs,1,0,0.0,0,2.0
r/EcommerceDACH,1,0,0.0,0,2.0
r/EcommerceFrance,1,0,0.0,0,2.0
r/webhosting,1,0,0.0,0,2.0
r/design_critiques,1,0,0.0,0,2.0
r/EcommerceLife,1,0,0.0,0,2.0
r/DigitalMarketing,1,0,0.0,0,2.0
r/retailglobal,1,0,0.0,0,2.0
r/ecommerce_FAQs,1,0,0.0,0,2.0
r/analytics,1,0,0.0,0,2.0
r/CryptocurrencyICO,1,0,0.0,0,2.0
r/dubai,1,0,0.0,0,2.0
r/node,1,0,0.0,0,2.0
r/CryptoCurrencyTrading,1,0,0.0,0,2.0
r/EcommerceSuccessTips,1,0,0.0,0,2.0
r/CryptoMoon,1,0,0.0,0,2.0
r/CryptoMars,1,0,0.0,0,2.0
r/THE_ECOMMERCE_EDGE,1,0,0.0,0,2.0
r/business,1,0,0.0,0,2.0
r/Magento,1,0,0.0,0,2.0
r/HighTicketEcommerce,1,0,0.0,0,2.0
r/indianstartups,1,0,0.0,0,2.0
r/ecommerce101,1,0,0.0,0,2.0
r/Sugargoo,1,0,0.0,0,2.0
r/Pinduoduo,1,0,0.0,0,2.0
r/eCommerceFulfillment,1,0,0.0,0,2.0
r/eCommerceBusiness,1,0,0.0,0,2.0
r/Ausecommerce,1,0,0.0,0,2.0
r/ecommercewebsolutions,1,0,0.0,0,2.0
r/ecommerceuk,1,0,0.0,0,2.0
r/eCommerceExperts,1,0,0.0,0,2.0
r/ecommerceforsale,1,0,0.0,0,2.0
r/ecommercehub,1,0,0.0,0,2.0
r/Woospy,1,0,0.0,0,2.0
r/eCommerceWebsites,1,0,0.0,0,2.0
r/ecommercechicago,1,0,0.0,0,2.0
r/ecommercemarket,1,0,0.0,0,2.0
r/eCommerceDXB,1,0,0.0,0,2.0
r/ecommerceserviceusa,1,0,0.0,0,2.0
r/m2ecommerce,1,0,0.0,0,2.0
r/TechSEO,1,0,0.0,0,2.0
r/SellingOnAmazonFBA,1,0,0.0,0,2.0
r/Flipping,1,0,0.0,0,2.0
r/fba_software,1,0,0.0,0,2.0
r/RecRoom,1,0,0.0,0,2.0
r/FBA_B1,1,0,0.0,0,2.0
r/PassiveFBA,1,0,0.0,0,2.0
r/LengfOrGirf,1,0,0.0,0,2.0
r/FbaDimes,1,0,0.0,0,2.0
r/RetroPie,1,0,0.0,0,2.0
r/specialed,1,0,0.0,0,2.0
r/AmazonFBAUK,1,0,0.0,0,2.0
r/Canadian_FBA_Sellers,1,0,0.0,0,2.0
r/RG350,1,0,0.0,0,2.0
r/AmazonFBA_USA,1,0,0.0,0,2.0
r/AmazonFBA_DE,1,0,0.0,0,2.0
r/sewhelp,1,0,0.0,0,2.0
r/emulation,1,0,0.0,0,2.0
r/New_AmazonSellersFBA,1,0,0.0,0,2.0
r/AllThingsAmazonFBA,1,0,0.0,0,2.0
r/VitaPiracy,1,0,0.0,0,2.0
r/AMZ_FBA_Free_Turorial,1,0,0.0,0,2.0
r/AmazonFBAforNewbies,1,0,0.0,0,2.0
r/frombloodandash,1,0,0.0,0,2.0
r/juststart,1,0,0.0,0,2.0
r/fbastrategy,1,0,0.0,0,2.0
r/miniSNESmods,1,0,0.0,0,2.0
r/FitnessMaterialHeaven,1,0,0.0,0,2.0
r/AmazonFBAMasters,1,0,0.0,0,2.0
r/FBAadvanced,1,0,0.0,0,2.0
r/FBAWTFT,1,0,0.0,0,2.0
r/AskTheCaribbean,1,0,0.0,0,2.0
r/FreeEBOOKS,1,0,0.0,0,2.0
r/FBAsourcing,1,0,0.0,0,2.0
r/automationgame,1,0,0.0,0,2.0
r/fivenightsatfreddys,1,0,0.0,0,2.0
r/fbapl,1,0,0.0,0,2.0
r/FBANX,1,0,0.0,0,2.0
r/AmazonFBAForBeginners,1,0,0.0,0,2.0
r/PrivateLabelSellers,1,0,0.0,0,2.0
r/FBABooks,1,0,0.0,0,2.0
r/AmazonFBAEssentials,1,0,0.0,0,2.0
r/AmazonFBAGrowth,1,0,0.0,0,2.0
r/FBABossAcademyReview,1,0,0.0,0,2.0
r/FBAstuff,1,0,0.0,0,2.0
r/AmazonFBAPros,1,0,0.0,0,2.0
r/StreetFighter,1,0,0.0,0,2.0
r/digitalnomad,1,0,0.0,0,2.0
r/FBASellers,1,0,0.0,0,2.0
r/FBAdsGlobal,1,0,0.0,0,2.0
r/FBAVSTHEWORLD,1,0,0.0,0,2.0
r/FBAAcademyCourses,1,0,0.0,0,2.0
r/AmazonFBASellerhelp,1,0,0.0,0,2.0
r/AmazonFBANinja,1,0,0.0,0,2.0
r/AmazonFBASellerTools,1,0,0.0,0,2.0
r/Amazon_Sellers,1,0,0.0,0,2.0
r/wholesaleproducts,1,0,0.0,0,2.0
r/reseller,1,0,0.0,0,2.0
r/ResellingAfterDark,1,0,0.0,0,2.0
r/AmazonEntreprenuers,1,0,0.0,0,2.0
r/Taurus0x,1,0,0.0,0,2.0
r/FulfillmentByAmazonUK,1,0,0.0,0,2.0
r/SuppliersInUSA,1,0,0.0,0,2.0
r/SchreckNet,1,0,0.0,0,2.0
r/Flippa,1,0,0.0,0,2.0
r/AmazonFBAWholesale,1,0,0.0,0,2.0
r/AmazonFBAGuides,1,0,0.0,0,2.0
r/PrivateLabeling,1,0,0.0,0,2.0
r/NFLEspanol,1,0,0.0,0,2.0
r/jasoncarlmorgan,1,0,0.0,0,2.0
r/UsedBookResellers,1,0,0.0,0,2.0
r/startuptools,1,0,0.0,0,2.0
r/AmazonSellerTipsUSA,1,0,0.0,0,2.0
r/vendorreseller,1,0,0.0,0,2.0
r/EtsyAdvertise,1,0,0.0,0,2.0
r/EtsySellerOnly,1,0,0.0,0,2.0
r/weddingplanning,1,0,0.0,0,2.0
r/EtsyHelp,1,0,0.0,0,2.0
r/EtsyForBeginners,1,0,0.0,0,2.0
r/Random_Acts_of_Etsy,1,0,0.0,0,2.0
r/artstore,1,0,0.0,0,2.0
r/EtsyPrintables,1,0,0.0,0,2.0
r/EtsySuccess,1,0,0.0,0,2.0
r/Embroidery,1,0,0.0,0,2.0
r/EtsyUK,1,0,0.0,0,2.0
r/EtsyPODsellers,1,0,0.0,0,2.0
r/Indiemakeupandmore,1,0,0.0,0,2.0
r/ExposingEtsy,1,0,0.0,0,2.0
r/EUsellersEtsy,1,0,0.0,0,2.0
r/EtsyHorrors,1,0,0.0,0,2.0
r/TheBestOfEtsy,1,0,0.0,0,2.0
r/quilting,1,0,0.0,0,2.0
r/Weddingsunder10k,1,0,0.0,0,2.0
r/EtsySellersUnited,1,0,0.0,0,2.0
r/EtsyShopImpressions,1,0,0.0,0,2.0
r/sticker,1,0,0.0,0,2.0
r/etsycirclejerk,1,0,0.0,0,2.0
r/etsylistings,1,0,0.0,0,2.0
r/RetroEtsy,1,0,0.0,0,2.0
r/EtsyStrike,1,0,0.0,0,2.0
r/stickers,1,0,0.0,0,2.0
r/VintageEtsy,1,0,0.0,0,2.0
r/EtsyWitches,1,0,0.0,0,2.0
r/Wishlist,1,0,0.0,0,2.0
r/EnamelPins,1,0,0.0,0,2.0
r/GothicEtsy,1,0,0.0,0,2.0
r/crafts,1,0,0.0,0,2.0
r/WitchesVsPatriarchy,1,0,0.0,0,2.0
r/EtsyTeams,1,0,0.0,0,2.0
r/CursedEtsy,1,0,0.0,0,2.0
r/weddingdress,1,0,0.0,0,2.0
r/EtsyPhilippines,1,0,0.0,0,2.0
r/EtsyPhotography,1,0,0.0,0,2.0
r/Stretched,1,0,0.0,0,2.0
r/KarensofEtsy,1,0,0.0,0,2.0
r/stickerstore,1,0,0.0,0,2.0
r/polymerclay,1,0,0.0,0,2.0
r/EtsySpain,1,0,0.0,0,2.0
r/woodworking,1,0,0.0,0,2.0
r/EtsyTeam,1,0,0.0,0,2.0
r/EtsyTurkiye,1,0,0.0,0,2.0
r/SwiftieMerch,1,0,0.0,0,2.0
r/EtsyTeamlove,1,0,0.0,0,2.0
r/EtsyCollections,1,0,0.0,0,2.0
r/StitchersofReddit,1,0,0.0,0,2.0
r/AnimalCrossing,1,0,0.0,0,2.0
r/EtsyAlternatives,1,0,0.0,0,2.0
r/RandomActsofEtsy,1,0,0.0,0,2.0
r/tamagotchi,1,0,0.0,0,2.0
r/BoyfriendsOfEtsy,1,0,0.0,0,2.0
r/EtsyAdvancedClub,1,0,0.0,0,2.0
r/EtsyPrintfulSellers,1,0,0.0,0,2.0
r/NajrasRoomEtsy,1,0,0.0,0,2.0
r/NameNerdCirclejerk,1,0,0.0,0,2.0
r/pokemon,1,0,0.0,0,2.0
r/wedding,1,0,0.0,0,2.0
r/EtsyShopFeedback,1,0,0.0,0,2.0
r/NiceEtsySellers,1,0,0.0,0,2.0
r/knitting,1,0,0.0,0,2.0
r/VintageEtsySellers,1,0,0.0,0,2.0
r/EtsyFiberArts,1,0,0.0,0,2.0
r/EtsyTrafficJamTeam,1,0,0.0,0,2.0
r/MarketingYourEtsyShop,1,0,0.0,0,2.0
r/cricut,1,0,0.0,0,2.0
r/LeatherClassifieds,1,0,0.0,0,2.0
r/Raccoons,1,0,0.0,0,2.0
r/etsy96,1,0,0.0,0,2.0
r/etsyalternative_betsi,1,0,0.0,0,2.0
r/ArtisanGifts,1,0,0.0,0,2.0
r/etsyjewelry,1,0,0.0,0,2.0
r/etsydigitalsellers,1,0,0.0,0,2.0
r/Aliexpress_tips,1,0,0.0,0,2.0
r/AliexpressHacks,1,0,0.0,0,2.0
r/AliexpressThings,1,0,0.0,0,2.0
r/BestBuyAliexpress,1,0,0.0,0,2.0
r/BestAliExpressFinds,1,0,0.0,0,2.0
r/aliexpressfinds,1,0,0.0,0,2.0
r/AliexpressFinds_,1,0,0.0,0,2.0
r/FashionReps,1,0,0.0,0,2.0
r/AliexpressCheap,1,0,0.0,0,2.0
r/Aliexpress_Addicts,1,0,0.0,0,2.0
r/RepLadies,1,0,0.0,0,2.0
r/AliexpressCoins,1,0,0.0,0,2.0
r/aliexpress_finds,1,0,0.0,0,2.0
r/flashlight,1,0,0.0,0,2.0
r/Aliexpress_dupes,1,0,0.0,0,2.0
r/AliExpressRep_Finds,1,0,0.0,0,2.0
r/aliexpressreviews,1,0,0.0,0,2.0
r/aliexpresscouponcodes,1,0,0.0,0,2.0
r/wtfaliexpress,1,0,0.0,0,2.0
r/AliExpressCode,1,0,0.0,0,2.0
r/Repsneakers,1,0,0.0,0,2.0
r/SeikoMods,1,0,0.0,0,2.0
r/AliExpressGoGoMatch,1,0,0.0,0,2.0
r/MouseReview,1,0,0.0,0,2.0
r/AliExpressCouponHub,1,0,0.0,0,2.0
r/AliExpressPrizeLand,1,0,0.0,0,2.0
r/AliExpressOtter,1,0,0.0,0,2.0
r/AliExpressGuru,1,0,0.0,0,2.0
r/Dolls,1,0,0.0,0,2.0
r/diamondpainting,1,0,0.0,0,2.0
r/AliExpressRep,1,0,0.0,0,2.0
r/AliexpressCoupon,1,0,0.0,0,2.0
r/Gameboy,1,0,0.0,0,2.0
r/DealsAliexpress,1,0,0.0,0,2.0
r/AliexpressFriends,1,0,0.0,0,2.0
r/Xiaomi,1,0,0.0,0,2.0
r/ChinaTime,1,0,0.0,0,2.0
r/AliexpressCoupons1111,1,0,0.0,0,2.0
r/AliexpressCoupons2021,1,0,0.0,0,2.0
r/MiyooMini,1,0,0.0,0,2.0
r/AngelnmitAliexpress,1,0,0.0,0,2.0
r/AliexpressRUssia,1,0,0.0,0,2.0
r/NECATMNT,1,0,0.0,0,2.0
r/aliexpressBrand2024,1,0,0.0,0,2.0
r/WatchesAliexpress,1,0,0.0,0,2.0
r/headphones,1,0,0.0,0,2.0
r/sffpc,1,0,0.0,0,2.0
r/alifinds,1,0,0.0,0,2.0
r/SHFiguarts,1,0,0.0,0,2.0
r/AliexpressFindsEsp,1,0,0.0,0,2.0
r/AliexpressBestDeals,1,0,0.0,0,2.0
r/airsoft,1,0,0.0,0,2.0
r/aligood,1,0,0.0,0,2.0
r/AliExpress1111,1,0,0.0,0,2.0
r/RepTronics,1,0,0.0,0,2.0
r/engrish,1,0,0.0,0,2.0
r/simracing,1,0,0.0,0,2.0
r/AliExpress_Merge_Boss,1,0,0.0,0,2.0
r/Biohackers,1,0,0.0,0,2.0
r/findfashion,1,0,0.0,0,2.0
r/AliExpressFashion,1,0,0.0,0,2.0
r/AliExpressGold,1,0,0.0,0,2.0
r/metalearth,1,0,0.0,0,2.0
r/AliExpresssub,1,0,0.0,0,2.0
r/aefinds,1,0,0.0,0,2.0
r/Bratz,1,0,0.0,0,2.0
r/AliExpressPCBuilds,1,0,0.0,0,2.0
r/JewelryReps,1,0,0.0,0,2.0
r/WatchesCirclejerk,1,0,0.0,0,2.0
r/fightsticks,1,0,0.0,0,2.0
r/AliExpressCapyBistro,1,0,0.0,0,2.0
r/AliExpressFindsPromo,1,0,0.0,0,2.0
r/crappyoffbrands,1,0,0.0,0,2.0
r/AliExpressBest,1,0,0.0,0,2.0
r/aliexpressmobile,1,0,0.0,0,2.0
r/WalmartCelebrities,1,0,0.0,0,2.0
r/peopleofwalmart,1,0,0.0,0,2.0
r/HotWheels,1,0,0.0,0,2.0
r/walmart_RX,1,0,0.0,0,2.0
r/WalmartCanada,1,0,0.0,0,2.0
r/Walmart_Creatures,1,0,0.0,0,2.0
r/WalmartSellers,1,0,0.0,0,2.0
r/FuckWalmart,1,0,0.0,0,2.0
r/WalmartComplaints,1,0,0.0,0,2.0
r/squishmallow,1,0,0.0,0,2.0
r/WalmartCustomers,1,0,0.0,0,2.0
r/WalmartClearance,1,0,0.0,0,2.0
r/WalmartAssociates,1,0,0.0,0,2.0
r/Wal_Mart,1,0,0.0,0,2.0
r/baseballcards,1,0,0.0,0,2.0
r/WalmartLogistics,1,0,0.0,0,2.0
r/walmartTales,1,0,0.0,0,2.0
r/FuckinWalmart,1,0,0.0,0,2.0
r/News_Walmart,1,0,0.0,0,2.0
r/WalmartAfterHours,1,0,0.0,0,2.0
r/WalmartDeals,1,0,0.0,0,2.0
r/pics,1,0,0.0,0,2.0
r/walmartpeople,1,0,0.0,0,2.0
r/LeaveWalmartAlone,1,0,0.0,0,2.0
r/walmartogp,1,0,0.0,0,2.0
r/WalmartSparkDrivers,1,0,0.0,0,2.0
r/mountaindew,1,0,0.0,0,2.0
r/walmart_giftcard,1,0,0.0,0,2.0
r/McFarlaneFigures,1,0,0.0,0,2.0
r/WalmartUnion,1,0,0.0,0,2.0
r/WalmartMeme,1,0,0.0,0,2.0
r/MonsterHigh,1,0,0.0,0,2.0
r/starwarscollecting,1,0,0.0,0,2.0
r/WalmartPharmacy,1,0,0.0,0,2.0
r/WalmartBodyCams,1,0,0.0,0,2.0
r/Shitty_Car_Mods,1,0,0.0,0,2.0
r/Walmart_AP,1,0,0.0,0,2.0
r/WalmartLolis,1,0,0.0,0,2.0
r/LaptopDeals,1,0,0.0,0,2.0
r/WalmartFulfillment,1,0,0.0,0,2.0
r/CreaturesofWalmart,1,0,0.0,0,2.0
r/BeautyBoxes,1,0,0.0,0,2.0
r/WalmartDropshipping,1,0,0.0,0,2.0
r/Arcade1Up,1,0,0.0,0,2.0
r/walmart_cryto,1,0,0.0,0,2.0
r/WalmartFresh,1,0,0.0,0,2.0
r/Walmart_Creator,1,0,0.0,0,2.0
r/WTF,1,0,0.0,0,2.0
r/Wrestling_Figures,1,0,0.0,0,2.0
r/FantasyWalmart,1,0,0.0,0,2.0
r/WalmartDeal,1,0,0.0,0,2.0
r/NECA,1,0,0.0,0,2.0
r/UnionizeWalmart,1,0,0.0,0,2.0
r/AskReddit,1,0,0.0,0,2.0
r/CatsofWalmart,1,0,0.0,0,2.0
r/WalmartPM,1,0,0.0,0,2.0
r/WalmartHealth,1,0,0.0,0,2.0
r/WalmartAP,1,0,0.0,0,2.0
r/Walmart_Resellers,1,0,0.0,0,2.0
r/WalmartSmiley,1,0,0.0,0,2.0
r/WalmartSunsets,1,0,0.0,0,2.0
r/Walmartdelivery,1,0,0.0,0,2.0
r/WalmartCreator,1,0,0.0,0,2.0
r/WalmartWFS,1,0,0.0,0,2.0
r/WalmartDiet,1,0,0.0,0,2.0
r/walmartOGPMFC,1,0,0.0,0,2.0
r/WalmartBargainBin,1,0,0.0,0,2.0
r/WalmartFightClub,1,0,0.0,0,2.0
r/tiktok_shop_sellers,1,0,0.0,0,2.0
r/TikTokShopSellersClub,1,0,0.0,0,2.0
r/TikTokShopAffiliate,1,0,0.0,0,2.0
r/tiktokshopreferrals,1,0,0.0,0,2.0
r/TikTokShopping,1,0,0.0,0,2.0
r/tiktokshopaffiliate_,1,0,0.0,0,2.0
r/TikTokShopUS_Seller,1,0,0.0,0,2.0
r/TikTokShophelps,1,0,0.0,0,2.0
r/TikTokShopSellers,1,0,0.0,0,2.0
r/TikTokShopAffiliates,1,0,0.0,0,2.0
r/kencarson,1,0,0.0,0,2.0
r/hipeeharlee,1,0,0.0,0,2.0
r/DestroyLonely,1,0,0.0,0,2.0
r/LEGOfortnite,1,0,0.0,0,2.0
r/fragranceclones,1,0,0.0,0,2.0
r/Scams,1,0,0.0,0,2.0
r/PokeInvesting,1,0,0.0,0,2.0
r/Drueandgabe,1,0,0.0,0,2.0
r/energydrinks,1,0,0.0,0,2.0
r/GFUEL,1,0,0.0,0,2.0
r/FlyQuest,1,0,0.0,0,2.0
r/MessyBunJessSnarks,1,0,0.0,0,2.0
r/trippieredd,1,0,0.0,0,2.0
r/jjsquad300,1,0,0.0,0,2.0
r/AskTikTokShopSellers,1,0,0.0,0,2.0
r/FortniteFestival,1,0,0.0,0,2.0
r/chrismostellerscam,1,0,0.0,0,2.0
r/Zentreya,1,0,0.0,0,2.0
r/yopierre,1,0,0.0,0,2.0
r/PokemonDealsUK,1,0,0.0,0,2.0
r/AffliatesForBrands,1,0,0.0,0,2.0
r/opium,1,0,0.0,0,2.0
r/Girlbyeit33,1,0,0.0,0,2.0
r/rhodeskin,1,0,0.0,0,2.0
r/MollyRutterSnark,1,0,0.0,0,2.0
r/bathandbodyworks,1,0,0.0,0,2.0
r/SiameseBand,1,0,0.0,0,2.0
r/OnePieceTCG,1,0,0.0,0,2.0
r/GeordieJulieAskew,1,0,0.0,0,2.0
r/Interpol,1,0,0.0,0,2.0
r/YazhiStudio,1,0,0.0,0,2.0
r/nadeshot,1,0,0.0,0,2.0
r/carriewalls7,1,0,0.0,0,2.0
r/h2odelirious,1,0,0.0,0,2.0
r/JennyNicholson,1,0,0.0,0,2.0
r/TikToksellerssupport,1,0,0.0,0,2.0
r/AskTikTokSellers,1,0,0.0,0,2.0
r/Holostars,1,0,0.0,0,2.0
r/squeezebenz,1,0,0.0,0,2.0
r/Aquabun,1,0,0.0,0,2.0
r/4SellerSupport,1,0,0.0,0,2.0
r/KaitlinWitcher,1,0,0.0,0,2.0
r/Rema,1,0,0.0,0,2.0
r/hanbin,1,0,0.0,0,2.0
r/projectfeline,1,0,0.0,0,2.0
r/homixidegang,1,0,0.0,0,2.0
r/DHgateRepFinds,1,0,0.0,0,2.0
r/SupercarCollectionSim,1,0,0.0,0,2.0
r/satanism,1,0,0.0,0,2.0
r/FashionTechToday,1,0,0.0,0,2.0
r/OTKNetwork,1,0,0.0,0,2.0
r/DropshotPodcast,1,0,0.0,0,2.0
r/SnuffyFans,1,0,0.0,0,2.0
r/fnatic,1,0,0.0,0,2.0
r/HivemindTV,1,0,0.0,0,2.0
r/tpain,1,0,0.0,0,2.0
r/Lovebites,1,0,0.0,0,2.0
r/BubbaArmyHQ,1,0,0.0,0,2.0
r/Jazz_Emu,1,0,0.0,0,2.0
r/Lazada,1,0,0.0,0,2.0
r/LazadaDealsPH,1,0,0.0,0,2.0
r/lLazadaPH,1,0,0.0,0,2.0
r/LazadaGamers,1,0,0.0,0,2.0
r/LazadaPHBuyers,1,0,0.0,0,2.0
r/LazadaSellersGroup,1,0,0.0,0,2.0
r/LazadaVoucherCoupon,1,0,0.0,0,2.0
r/LazadaSulitPH,1,0,0.0,0,2.0
r/baba,1,0,0.0,0,2.0
r/LOONA,1,0,0.0,0,2.0
r/insanepinoyfacebook,1,0,0.0,0,2.0
r/ola_harassment,1,0,0.0,0,2.0
r/pinoybigbrother,1,0,0.0,0,2.0
r/GMMTV,1,0,0.0,0,2.0
r/shopee,1,0,0.0,0,2.0
r/ShopeeFindsPH,1,0,0.0,0,2.0
r/shopeeItems,1,0,0.0,0,2.0
r/ShopeePHpatrons,1,0,0.0,0,2.0
r/ShopeePHCommunity,1,0,0.0,0,2.0
r/ShopeeAffiliateHelp,1,0,0.0,0,2.0
r/RepShopeePH,1,0,0.0,0,2.0
r/AchadinhosDaShopeeBR,1,0,0.0,0,2.0
r/shopeereview,1,0,0.0,0,2.0
r/GadgetQuest,1,0,0.0,0,2.0
r/SeaBank,1,0,0.0,0,2.0
r/FinancialLiteracyPH,1,0,0.0,0,2.0
r/bini_ph,1,0,0.0,0,2.0
r/SpayLaterPH,1,0,0.0,0,2.0
r/IVOFSPADES,1,0,0.0,0,2.0
r/MuseAsia,1,0,0.0,0,2.0
r/brasilivre,1,0,0.0,0,2.0
r/kpop,1,0,0.0,0,2.0
r/futebol,1,0,0.0,0,2.0
r/PokemonTCG_Singapore,1,0,0.0,0,2.0
r/InesperadoCu,1,0,0.0,0,2.0
r/TroChuyenLinhTinh,1,0,0.0,0,2.0
r/taiwan,1,0,0.0,0,2.0
r/KickstarterUK,1,0,0.0,0,2.0
r/Kickstarters,1,0,0.0,0,2.0
r/kickstartergames,1,0,0.0,0,2.0
r/Kickstarter3dprinting,1,0,0.0,0,2.0
r/playingcards,1,0,0.0,0,2.0
r/KickstarterScams,1,0,0.0,0,2.0
r/KickstarterDice,1,0,0.0,0,2.0
r/BadKickstarterIdeas,1,0,0.0,0,2.0
r/ExtraFabulousComics,1,0,0.0,0,2.0
r/indiegames,1,0,0.0,0,2.0
r/osr,1,0,0.0,0,2.0
r/ftlgame,1,0,0.0,0,2.0
r/kickstartergadgets,1,0,0.0,0,2.0
r/kickstarterinaction,1,0,0.0,0,2.0
r/pinprojects,1,0,0.0,0,2.0
r/TwoBestFriendsPlay,1,0,0.0,0,2.0
r/minipainting,1,0,0.0,0,2.0
r/kickstartercomics,1,0,0.0,0,2.0
r/pebble,1,0,0.0,0,2.0
r/gamedev,1,0,0.0,0,2.0
r/Blasphemous,1,0,0.0,0,2.0
r/hki,1,0,0.0,0,2.0
r/FridayThe13thGame,1,0,0.0,0,2.0
r/fundakickstarter,1,0,0.0,0,2.0
r/youtubekickstarter,1,0,0.0,0,2.0
r/BoardGameExchange,1,0,0.0,0,2.0
r/boardgamescirclejerk,1,0,0.0,0,2.0
r/mattcolville,1,0,0.0,0,2.0
r/MorkBorg,1,0,0.0,0,2.0
r/VGHS,1,0,0.0,0,2.0
r/pointlesslygendered,1,0,0.0,0,2.0
r/metroidvania,1,0,0.0,0,2.0
r/EVERGOODS,1,0,0.0,0,2.0
r/superhot,1,0,0.0,0,2.0
r/dndnext,1,0,0.0,0,2.0
r/EiyudenChronicle,1,0,0.0,0,2.0
r/gamingkickstarter,1,0,0.0,0,2.0
r/gamernews,1,0,0.0,0,2.0
r/Colostle,1,0,0.0,0,2.0
r/AvatarLegendsTTRPG,1,0,0.0,0,2.0
r/wiiu,1,0,0.0,0,2.0
r/MST3K,1,0,0.0,0,2.0
r/Unity3D,1,0,0.0,0,2.0
r/savageworlds,1,0,0.0,0,2.0
r/TerrainBuilding,1,0,0.0,0,2.0
r/Iteration110Cradle,1,0,0.0,0,2.0
r/HollowKnight,1,0,0.0,0,2.0
r/Wasteland2,1,0,0.0,0,2.0
r/PixelArt,1,0,0.0,0,2.0
r/soloboardgaming,1,0,0.0,0,2.0
r/Bloodstained,1,0,0.0,0,2.0
r/3DPrintedTerrain,1,0,0.0,0,2.0
r/rpg_gamers,1,0,0.0,0,2.0
r/Peripeteia,1,0,0.0,0,2.0
r/tabletop,1,0,0.0,0,2.0
r/RedAsh,1,0,0.0,0,2.0
r/TaleofScales,1,0,0.0,0,2.0
r/amselsuite,1,0,0.0,0,2.0
r/hexheroes,1,0,0.0,0,2.0
r/thisisthepolice,1,0,0.0,0,2.0
r/GameStick,1,0,0.0,0,2.0
r/Exo_One,1,0,0.0,0,2.0
r/CR6,1,0,0.0,0,2.0
r/exil,1,0,0.0,0,2.0
r/LVLKickstarterBackers,1,0,0.0,0,2.0
r/WarOfRights,1,0,0.0,0,2.0
r/OculusVR,1,0,0.0,0,2.0
r/IndiegogoCAMPAIGNfail,1,0,0.0,0,2.0
r/ShittyIndiegogo,1,0,0.0,0,2.0
r/Flic,1,0,0.0,0,2.0
r/KeeperRL,1,0,0.0,0,2.0
r/VALHALL,1,0,0.0,0,2.0
r/AAWireless,1,0,0.0,0,2.0
r/IndieComicBooks,1,0,0.0,0,2.0
r/nebulaprojectors,1,0,0.0,0,2.0
r/AstroSlide,1,0,0.0,0,2.0
r/horror,1,0,0.0,0,2.0
r/ElectricSkateboarding,1,0,0.0,0,2.0
r/Android,1,0,0.0,0,2.0
r/stormebike,1,0,0.0,0,2.0
r/strombikes,1,0,0.0,0,2.0
r/WorldTitansWar,1,0,0.0,0,2.0
r/futurefon,1,0,0.0,0,2.0
r/outgrowme,1,0,0.0,0,2.0
r/Scribit,1,0,0.0,0,2.0
r/bloodbowl,1,0,0.0,0,2.0
r/spicy,1,0,0.0,0,2.0
r/UVMask,1,0,0.0,0,2.0
r/Crowdfunding,1,0,0.0,0,2.0
r/ElectricScooters,1,0,0.0,0,2.0
r/MegabytesGlasgow,1,0,0.0,0,2.0
r/OmniCharge,1,0,0.0,0,2.0
r/linux,1,0,0.0,0,2.0
r/roosterteeth,1,0,0.0,0,2.0
r/Code8,1,0,0.0,0,2.0
r/WeatherFlowSmart,1,0,0.0,0,2.0
r/ebikes,1,0,0.0,0,2.0
r/GPDPocket,1,0,0.0,0,2.0
r/minuum,1,0,0.0,0,2.0
r/smachz,1,0,0.0,0,2.0
r/gadgets,1,0,0.0,0,2.0
r/vegan,1,0,0.0,0,2.0
r/NewProductPorn,1,0,0.0,0,2.0
r/Skullgirls,1,0,0.0,0,2.0
r/Gamebuino,1,0,0.0,0,2.0
r/AmbiVision,1,0,0.0,0,2.0
r/LinuxActionShow,1,0,0.0,0,2.0
r/SquaredCircle,1,0,0.0,0,2.0
r/AtariVCS,1,0,0.0,0,2.0
r/CrowdfundedGames,1,0,0.0,0,2.0
r/movies,1,0,0.0,0,2.0
r/FreakedFleapit,1,0,0.0,0,2.0
r/unbits,1,0,0.0,0,2.0
r/skeptic,1,0,0.0,0,2.0
r/Turbokid,1,0,0.0,0,2.0
r/CoWatch,1,0,0.0,0,2.0
r/DocTalk,1,0,0.0,0,2.0
r/TicPods,1,0,0.0,0,2.0
r/BudgetKeebs,1,0,0.0,0,2.0
r/YazebasBNB,1,0,0.0,0,2.0
r/geminipda,1,0,0.0,0,2.0
r/rupaulsdragrace,1,0,0.0,0,2.0
r/BestCrowdFunding,1,0,0.0,0,2.0
r/BladeDevilComic,1,0,0.0,0,2.0
r/ShaqIsGod,1,0,0.0,0,2.0
r/Socialpreneur,1,0,0.0,0,2.0
r/101Hero,1,0,0.0,0,2.0
r/freebord,1,0,0.0,0,2.0
r/vote4me,1,0,0.0,0,2.0
r/CrossBorderCommerce,1,0,0.0,0,2.0
r/Paxpago,1,0,0.0,0,2.0
r/DHgate,1,0,0.0,0,2.0
r/IndiaUSTax,1,0,0.0,0,2.0
r/ExpatFinanceTips,1,0,0.0,0,2.0
r/Quadrans,1,0,0.0,0,2.0
r/CerebrolysinEuropa,1,0,0.0,0,2.0
r/dlocal,1,0,0.0,0,2.0
r/UshopVship,1,0,0.0,0,2.0
r/o9c4com,1,0,0.0,0,2.0
r/SouthAsiaDialogue,1,0,0.0,0,2.0
r/XRPElite,1,0,0.0,0,2.0
r/internationalbusiness,1,0,0.0,0,2.0
r/Aqwire,1,0,0.0,0,2.0
r/NrisTaxproblems,1,0,0.0,0,2.0
r/DeshPanjab,1,0,0.0,0,2.0
r/TangbuyOfficial,1,0,0.0,0,2.0
r/TheMacedoniaRegion,1,0,0.0,0,2.0
r/JoinWell,1,0,0.0,0,2.0
r/physicalmusic,1,0,0.0,0,2.0
r/BuckyDrop,1,0,0.0,0,2.0
r/counterthreat,1,0,0.0,0,2.0
r/sureremit,1,0,0.0,0,2.0
r/CanYaCoin,1,0,0.0,0,2.0
r/MenaPay,1,0,0.0,0,2.0
r/CattleTheft,1,0,0.0,0,2.0
r/importexport,1,0,0.0,0,2.0
r/AlibabaImport,1,0,0.0,0,2.0
r/RocketLeagueExchange,1,0,0.0,0,2.0
r/imports,1,0,0.0,0,2.0
r/ImportYeti,1,0,0.0,0,2.0
r/ImportTariffs,1,0,0.0,0,2.0
r/AssolutoRacing,1,0,0.0,0,2.0
r/FotovoltaicoImport,1,0,0.0,0,2.0
r/learnpython,1,0,0.0,0,2.0
r/sonarr,1,0,0.0,0,2.0
r/ynab,1,0,0.0,0,2.0
r/ImportGames,1,0,0.0,0,2.0
r/Asphalt9,1,0,0.0,0,2.0
r/ImportGameCollectors,1,0,0.0,0,2.0
r/ak47,1,0,0.0,0,2.0
r/JapanCarsDxbImport,1,0,0.0,0,2.0
r/JDM,1,0,0.0,0,2.0
r/importexportbusiness,1,0,0.0,0,2.0
r/cars,1,0,0.0,0,2.0
r/ImportantIndianImages,1,0,0.0,0,2.0
r/radarr,1,0,0.0,0,2.0
r/impcat,1,0,0.0,0,2.0
r/Nissan,1,0,0.0,0,2.0
r/NSCollectors,1,0,0.0,0,2.0
r/AudiophilesIndia,1,0,0.0,0,2.0
r/Python,1,0,0.0,0,2.0
r/milsurp,1,0,0.0,0,2.0
r/importedhiphop,1,0,0.0,0,2.0
r/RocketLeague,1,0,0.0,0,2.0
r/VinylReleases,1,0,0.0,0,2.0
r/Export,1,0,0.0,0,2.0
r/ExportOnline,1,0,0.0,0,2.0
r/TextingTheory,1,0,0.0,0,2.0
r/premiere,1,0,0.0,0,2.0
r/ukraine,1,0,0.0,0,2.0
r/Exports,1,0,0.0,0,2.0
r/Rockband,1,0,0.0,0,2.0
r/drums,1,0,0.0,0,2.0
r/ximcoin,1,0,0.0,0,2.0
r/mspa_ru_memes,1,0,0.0,0,2.0
r/Coronavirus,1,0,0.0,0,2.0
r/Ruel,1,0,0.0,0,2.0
r/MexicoManufacturing,1,0,0.0,0,2.0
r/Sternburg,1,0,0.0,0,2.0
r/GeopoliticsIndia,1,0,0.0,0,2.0
r/libreoffice,1,0,0.0,0,2.0
r/IrnBru,1,0,0.0,0,2.0
r/editors,1,0,0.0,0,2.0
r/Zaz,1,0,0.0,0,2.0
r/anime_titties,1,0,0.0,0,2.0
r/ImporturiChina,1,0,0.0,0,2.0
r/ForeignPlatesSpotting,1,0,0.0,0,2.0
r/armenia,1,0,0.0,0,2.0
r/StructureSynth,1,0,0.0,0,2.0
r/CitiesSkylines,1,0,0.0,0,2.0
r/aaliyah,1,0,0.0,0,2.0
r/InstrumentPanelDesign,1,0,0.0,0,2.0
r/korea,1,0,0.0,0,2.0
r/davinciresolve,1,0,0.0,0,2.0
r/SubTransfer,1,0,0.0,0,2.0
r/blender,1,0,0.0,0,2.0
r/newzealand,1,0,0.0,0,2.0
r/VideoEditing,1,0,0.0,0,2.0
r/TeslaCam,1,0,0.0,0,2.0
r/Mindustry,1,0,0.0,0,2.0
r/Workers_And_Resources,1,0,0.0,0,2.0
r/GLworld,1,0,0.0,0,2.0
r/Phonegap,1,0,0.0,0,2.0
r/weedstocks,1,0,0.0,0,2.0
r/RealmFreeMineCraft,1,0,0.0,0,2.0
r/LimeSurvey,1,0,0.0,0,2.0
r/Bujumbura,1,0,0.0,0,2.0
r/Backupery,1,0,0.0,0,2.0
r/AliCoin,1,0,0.0,0,2.0
r/MonroeMeinhardt,1,0,0.0,0,2.0
r/CBDstreetbeats,1,0,0.0,0,2.0
r/Paderborn,1,0,0.0,0,2.0
r/Deductibly,1,0,0.0,0,2.0
r/SMBConnectIndia,1,0,0.0,0,2.0
r/PowerDeleteSuite,1,0,0.0,0,2.0
r/researchnet,1,0,0.0,0,2.0
r/pfUI,1,0,0.0,0,2.0
r/ArtificialMindsRefuge,1,0,0.0,0,2.0
r/Mailfence,1,0,0.0,0,2.0
r/SMBConnectCanada,1,0,0.0,0,2.0
r/UNQL,1,0,0.0,0,2.0
r/IndianExporters,1,0,0.0,0,2.0
r/EntrepreneurConnect,1,0,0.0,0,2.0
r/SMBConnectUAE,1,0,0.0,0,2.0
r/Globial,1,0,0.0,0,2.0
r/thewaddyssey,1,0,0.0,0,2.0
r/midwesternvegan,1,0,0.0,0,2.0
r/AgriBusinessIndia,1,0,0.0,0,2.0
r/techne,1,0,0.0,0,2.0
r/osxphotos,1,0,0.0,0,2.0
r/whatisit,0,2,0.0,0,2.0
r/newworldgame,0,2,0.0,0,2.0
r/Fauxmoi,0,2,0.0,0,2.0
r/2westerneurope4u,0,2,0.0,0,2.0
r/popculturechat,0,2,0.0,0,2.0
r/ArtificialInteligence,0,2,0.0,0,2.0
r/singularity,0,2,0.0,0,2.0
r/nfl,0,2,0.0,0,2.0
r/IndiaTech,0,2,0.0,0,2.0
r/mensfashion,0,2,0.0,0,2.0
r/jewelry,0,2,0.0,0,2.0
r/InfluenceQuebec,0,2,0.0,0,2.0
r/IndianEntrepreneur,0,2,0.0,0,2.0
r/indiandropshipers,0,2,0.0,0,2.0
r/cheapesthosting,0,2,0.0,0,2.0
r/smallbusinessuk,0,2,0.0,0,2.0
r/Ebay,0,2,0.0,0,2.0
r/wordpressjobs,0,2,0.0,0,2.0
r/NegociosArgentina,0,2,0.0,0,2.0
r/googleads,0,2,0.0,0,2.0
r/3DprintEntrepreneurs,0,2,0.0,0,2.0
r/candy,0,2,0.0,0,2.0
r/mexico,0,2,0.0,0,2.0
r/cycling,0,2,0.0,0,2.0
r/lafufusarecute,0,2,0.0,0,2.0
r/retroid,0,2,0.0,0,2.0
r/bioniclelego,0,2,0.0,0,2.0
r/PS3,0,2,0.0,0,2.0
r/somethingiswrong2024,0,2,0.0,0,2.0
r/Tools,0,2,0.0,0,2.0
r/PublicFreakout,0,2,0.0,0,2.0
r/steak,0,2,0.0,0,2.0
r/BestofRedditorUpdates,0,2,0.0,0,2.0
r/computadores,0,2,0.0,0,2.0
r/AITAH,0,2,0.0,0,2.0
r/NicolaCavanis,0,2,0.0,0,2.0
r/GamersMY,0,2,0.0,0,2.0
r/KanalHumor,0,2,0.0,0,2.0
r/dogsofrph,0,2,0.0,0,2.0
r/steam_giveaway,0,2,0.0,0,2.0
r/runefactory,0,2,0.0,0,2.0
r/PrintedWarhammer,0,2,0.0,0,2.0
r/Destiny,0,2,0.0,0,2.0
r/UmaMusume,0,2,0.0,0,2.0
r/thegamechasers,0,2,0.0,0,2.0
r/OneXPlayer,0,2,0.0,0,2.0
r/srscinemallc,0,2,0.0,0,2.0
r/EconomyCharts,0,2,0.0,0,2.0
r/Genshin_Impact,0,2,0.0,0,2.0
r/Agriculture,0,2,0.0,0,2.0
r/IndiaBusiness,0,2,0.0,0,2.0
r/worldbuilding,0,2,0.0,0,2.0
r/IndiaStatistics,0,2,0.0,0,2.0
r/AskTheWorld,0,2,0.0,0,2.0
r/entertainment,0,1,1.0,0,1.5
r/insanepeoplefacebook,0,1,1.0,0,1.5
r/technews,0,1,1.0,0,1.5
r/ThriftIndia,0,1,1.0,0,1.5
r/ClaudeAI,0,1,1.0,0,1.5
r/ItaliaStartups,0,1,1.0,0,1.5
r/smallbusinessindia,0,1,1.0,0,1.5
r/ClaudeCode,0,1,1.0,0,1.5
r/NMS_Corvette_Design,0,1,1.0,0,1.5
r/SEO_Marketing_Offers,0,1,1.0,0,1.5
r/SEO_Experts,0,1,1.0,0,1.5
r/logistics,0,1,1.0,0,1.5
r/handbags,0,1,1.0,0,1.5
r/TheHermesGame,0,1,1.0,0,1.5
r/luxurypurses,0,1,1.0,0,1.5
r/therewasanattempt,0,1,1.0,0,1.5
r/CToys,0,1,1.0,0,1.5
r/sharpcutting,0,1,1.0,0,1.5
r/sharpening,0,1,1.0,0,1.5
r/law,0,1,1.0,0,1.5
r/interesting,0,1,1.0,0,1.5
r/ExpectationVsReality,0,1,1.0,0,1.5
r/FreeStuffIFoundOnline,0,1,1.0,0,1.5
r/hudsonvalley,0,1,1.0,0,1.5
r/TheWeeklyRoll,0,1,1.0,0,1.5
r/comics,0,1,1.0,0,1.5
r/kingstonnewyork,0,1,1.0,0,1.5
r/Starfinder2e,0,1,1.0,0,1.5
r/Pathfinder2e,0,1,1.0,0,1.5
r/synthdiy,0,1,1.0,0,1.5
r/Omnichord,0,1,1.0,0,1.5
r/angelinvestors,0,1,1.0,0,1.5
r/Investors,0,1,1.0,0,1.5
r/ProgressiveHQ,0,1,1.0,0,1.5
r/thescoop,0,1,1.0,0,1.5
r/MMA,0,1,1.0,0,1.5
r/oklahoma,0,1,1.0,0,1.5
r/tulsa,0,1,1.0,0,1.5
r/DamnThatsReal,0,1,1.0,0,1.5
r/sysadmin,0,1,0.0,0,1.0
r/interestingasfuck,0,1,0.0,0,1.0
r/homeowners,0,1,0.0,0,1.0
r/LawyerAdvice,0,1,0.0,0,1.0
r/WomenInNews,0,1,0.0,0,1.0
r/masseffect,0,1,0.0,0,1.0
r/jobsearchhacks,0,1,0.0,0,1.0
r/jobs,0,1,0.0,0,1.0
r/recruitinghell,0,1,0.0,0,1.0
r/books,0,1,0.0,0,1.0
r/sandiego,0,1,0.0,0,1.0
r/Damnthatsinteresting,0,1,0.0,0,1.0
r/SpaceMarine_2,0,1,0.0,0,1.0
r/lotr,0,1,0.0,0,1.0
r/UnethicalLifeProTips,0,1,0.0,0,1.0
r/TheBoys,0,1,0.0,0,1.0
r/macbookpro,0,1,0.0,0,1.0
r/indiasocial,0,1,0.0,0,1.0
r/brisbane,0,1,0.0,0,1.0
r/CasualUK,0,1,0.0,0,1.0
r/Piracy,0,1,0.0,0,1.0
r/nextfuckinglevel,0,1,0.0,0,1.0
r/TechnologyShorts,0,1,0.0,0,1.0
r/developersIndia,0,1,0.0,0,1.0
r/cartoons,0,1,0.0,0,1.0
r/CommercialsIHate,0,1,0.0,0,1.0
r/Invincible,0,1,0.0,0,1.0
r/UFOs,0,1,0.0,0,1.0
r/whatthefrockk,0,1,0.0,0,1.0
r/Sneakers,0,1,0.0,0,1.0
r/portugal,0,1,0.0,0,1.0
r/AIAgentsStack,0,1,0.0,0,1.0
r/InstagramDisabledHelp,0,1,0.0,0,1.0
r/techsales,0,1,0.0,0,1.0
r/ExposingWendyWortham,0,1,0.0,0,1.0
r/selbststaendig,0,1,0.0,0,1.0
r/FPandA,0,1,0.0,0,1.0
r/dataengineering,0,1,0.0,0,1.0
r/CompetitiveApex,0,1,0.0,0,1.0
r/whatdoIdo,0,1,0.0,0,1.0
r/SideHustleGold,0,1,0.0,0,1.0
r/DaveRamsey,0,1,0.0,0,1.0
r/Alibaba,0,1,0.0,0,1.0
r/Mercari,0,1,0.0,0,1.0
r/VintedItalia,0,1,0.0,0,1.0
r/Mcbling,0,1,0.0,0,1.0
r/AccountingPH,0,1,0.0,0,1.0
r/SellMyBusiness,0,1,0.0,0,1.0
r/vibecoding,0,1,0.0,0,1.0
r/ThingsCutInHalfPorn,0,1,0.0,0,1.0
r/Odoo,0,1,0.0,0,1.0
r/PaymentProcessing,0,1,0.0,0,1.0
r/piscatorio,0,1,0.0,0,1.0
r/AI_UGC_Marketing,0,1,0.0,0,1.0
r/Yatirim,0,1,0.0,0,1.0
r/conspiracy,0,1,0.0,0,1.0
r/impresa,0,1,0.0,0,1.0
r/SmallBusinessUAE,0,1,0.0,0,1.0
r/n8n,0,1,0.0,0,1.0
r/coldemail,0,1,0.0,0,1.0
r/Supabase,0,1,0.0,0,1.0
r/SimulationGaming,0,1,0.0,0,1.0
r/SaaS,0,1,0.0,0,1.0
r/shadcn,0,1,0.0,0,1.0
r/Recruitment,0,1,0.0,0,1.0
r/AIAssisted,0,1,0.0,0,1.0
r/CRM,0,1,0.0,0,1.0
r/DigitalMarketingHack,0,1,0.0,0,1.0
r/MarketingResearch,0,1,0.0,0,1.0
r/GrowthHacking,0,1,0.0,0,1.0
r/Klaviyo,0,1,0.0,0,1.0
r/VirtualAssistant4Hire,0,1,0.0,0,1.0
r/webscraping,0,1,0.0,0,1.0
r/GoogleTagManager,0,1,0.0,0,1.0
r/bigcommerce,0,1,0.0,0,1.0
r/InstagramBrasil,0,1,0.0,0,1.0
r/Autism_Parenting,0,1,0.0,0,1.0
r/KDP,0,1,0.0,0,1.0
r/BCHealthAuthorities,0,1,0.0,0,1.0
r/MarketingHelp,0,1,0.0,0,1.0
r/personalfinance,0,1,0.0,0,1.0
r/SewingForBeginners,0,1,0.0,0,1.0
r/thedoors,0,1,0.0,0,1.0
r/rainworld,0,1,0.0,0,1.0
r/Appalachia,0,1,0.0,0,1.0
r/TrueAnon,0,1,0.0,0,1.0
r/facepalm,0,1,0.0,0,1.0
r/vinyl,0,1,0.0,0,1.0
r/PattinsonDCUBatman,0,1,0.0,0,1.0
r/Armor,0,1,0.0,0,1.0
r/Gemstones,0,1,0.0,0,1.0
r/fakedisordercringe,0,1,0.0,0,1.0
r/minidisc,0,1,0.0,0,1.0
r/BobsBurgers,0,1,0.0,0,1.0
r/DesiWeddings,0,1,0.0,0,1.0
r/SpellcasterReviews,0,1,0.0,0,1.0
r/f1wagssnark,0,1,0.0,0,1.0
r/pokeplush,0,1,0.0,0,1.0
r/CampFlogGnaw,0,1,0.0,0,1.0
r/LittleFreeLibrary,0,1,0.0,0,1.0
r/EverAfterHigh,0,1,0.0,0,1.0
r/AmIOverreacting,0,1,0.0,0,1.0
r/gardening,0,1,0.0,0,1.0
r/desksetup,0,1,0.0,0,1.0
r/unpopularopinion,0,1,0.0,0,1.0
r/screenshots,0,1,0.0,0,1.0
r/Justrolledintotheshop,0,1,0.0,0,1.0
r/myweddingdress,0,1,0.0,0,1.0
r/Tarots,0,1,0.0,0,1.0
r/indigenousbeads,0,1,0.0,0,1.0
r/terrariums,0,1,0.0,0,1.0
r/StardewValley,0,1,0.0,0,1.0
r/Orpheus_Mains,0,1,0.0,0,1.0
r/90dayfianceuncensored,0,1,0.0,0,1.0
r/DiceMaking,0,1,0.0,0,1.0
r/americangirl,0,1,0.0,0,1.0
r/fursuits,0,1,0.0,0,1.0
r/Switzerland,0,1,0.0,0,1.0
r/balatro,0,1,0.0,0,1.0
r/gameverifying,0,1,0.0,0,1.0
r/Polska,0,1,0.0,0,1.0
r/ayudamexico,0,1,0.0,0,1.0
r/Bricomania,0,1,0.0,0,1.0
r/attackontitan,0,1,0.0,0,1.0
r/automobil,0,1,0.0,0,1.0
r/BarefootRunning,0,1,0.0,0,1.0
r/audiofiliabrasil,0,1,0.0,0,1.0
r/PCGamingDE,0,1,0.0,0,1.0
r/funnyvideos,0,1,0.0,0,1.0
r/Chobits,0,1,0.0,0,1.0
r/lietuva,0,1,0.0,0,1.0
r/Bikebuilding,0,1,0.0,0,1.0
r/Bikeporn,0,1,0.0,0,1.0
r/kuololit,0,1,0.0,0,1.0
r/BikeMechanics,0,1,0.0,0,1.0
r/gravelcycling,0,1,0.0,0,1.0
r/roFrugal,0,1,0.0,0,1.0
r/runningfashion,0,1,0.0,0,1.0
r/watchdives,0,1,0.0,0,1.0
r/overclocking,0,1,0.0,0,1.0
r/WorldofTanks,0,1,0.0,0,1.0
r/perth,0,1,0.0,0,1.0
r/amateurradio,0,1,0.0,0,1.0
r/hikinggear,0,1,0.0,0,1.0
r/ErgoMechKeyboards,0,1,0.0,0,1.0
r/AskIreland,0,1,0.0,0,1.0
r/iems,0,1,0.0,0,1.0
r/ItalyHardware,0,1,0.0,0,1.0
r/Audi,0,1,0.0,0,1.0
r/Watches,0,1,0.0,0,1.0
r/BicyclingCirclejerk,0,1,0.0,0,1.0
r/Cannibalcorpse,0,1,0.0,0,1.0
r/Gamesir,0,1,0.0,0,1.0
r/legolotrfans,0,1,0.0,0,1.0
r/homelab,0,1,0.0,0,1.0
r/iphone17,0,1,0.0,0,1.0
r/crt,0,1,0.0,0,1.0
r/nederlands,0,1,0.0,0,1.0
r/mead,0,1,0.0,0,1.0
r/minilab,0,1,0.0,0,1.0
r/GarminFenix,0,1,0.0,0,1.0
r/economicCollapse,0,1,0.0,0,1.0
r/MarchAgainstNazis,0,1,0.0,0,1.0
r/phoenix,0,1,0.0,0,1.0
r/CringeTikToks,0,1,0.0,0,1.0
r/cats,0,1,0.0,0,1.0
r/WorkReform,0,1,0.0,0,1.0
r/UnderReportedNews,0,1,0.0,0,1.0
r/ChicagoSuburbs,0,1,0.0,0,1.0
r/BikiniBottomTwitter,0,1,0.0,0,1.0
r/Frugal,0,1,0.0,0,1.0
r/NoFilterNews,0,1,0.0,0,1.0
r/aldi,0,1,0.0,0,1.0
r/xbox,0,1,0.0,0,1.0
r/vegas,0,1,0.0,0,1.0
r/whowouldwin,0,1,0.0,0,1.0
r/appletv,0,1,0.0,0,1.0
r/gpu,0,1,0.0,0,1.0
r/InflatedEgos,0,1,0.0,0,1.0
r/2007scape,0,1,0.0,0,1.0
r/pokemoncardcollectors,0,1,0.0,0,1.0
r/Over30Selfie,0,1,0.0,0,1.0
r/AskForAnswers,0,1,0.0,0,1.0
r/BlackPeopleofReddit,0,1,0.0,0,1.0
r/ForCuriousSouls,0,1,0.0,0,1.0
r/GamingLeaksAndRumours,0,1,0.0,0,1.0
r/consoles,0,1,0.0,0,1.0
r/circlejerknyc,0,1,0.0,0,1.0
r/jurassicworldevo,0,1,0.0,0,1.0
r/ABoringDystopia,0,1,0.0,0,1.0
r/ImmigrationPathways,0,1,0.0,0,1.0
r/Zepbound,0,1,0.0,0,1.0
r/traumatizeThemBack,0,1,0.0,0,1.0
r/budgetfood,0,1,0.0,0,1.0
r/newjersey,0,1,0.0,0,1.0
r/DiscussionZone,0,1,0.0,0,1.0
r/AmItheAsshole,0,1,0.0,0,1.0
r/Cd_collectors,0,1,0.0,0,1.0
r/playstation,0,1,0.0,0,1.0
r/overheard,0,1,0.0,0,1.0
r/ps2,0,1,0.0,0,1.0
r/anythinginteresting_,0,1,0.0,0,1.0
r/Spokane,0,1,0.0,0,1.0
r/stupidquestions,0,1,0.0,0,1.0
r/SaintMeghanMarkle,0,1,0.0,0,1.0
r/90s_kid,0,1,0.0,0,1.0
r/h1b,0,1,0.0,0,1.0
r/FoundPaper,0,1,0.0,0,1.0
r/urbancarliving,0,1,0.0,0,1.0
r/AO3,0,1,0.0,0,1.0
r/Scrubs,0,1,0.0,0,1.0
r/TheConfidentNurse,0,1,0.0,0,1.0
r/nursing,0,1,0.0,0,1.0
r/alocasia,0,1,0.0,0,1.0
r/sailormoon,0,1,0.0,0,1.0
r/LoriJonesSnarkPage,0,1,0.0,0,1.0
r/bombpartySIDELINES,0,1,0.0,0,1.0
r/RHOP,0,1,0.0,0,1.0
r/wirklichgutefrage,0,1,0.0,0,1.0
r/bbyegansnark,0,1,0.0,0,1.0
r/atlinfluencersnarkNEW,0,1,0.0,0,1.0
r/goodmythicalmorning,0,1,0.0,0,1.0
r/pittsburgh,0,1,0.0,0,1.0
r/UKtiktokbehavingbadly,0,1,0.0,0,1.0
r/MagicCardPulls,0,1,0.0,0,1.0
r/starterpacks,0,1,0.0,0,1.0
r/gamersupps,0,1,0.0,0,1.0
r/Slime,0,1,0.0,0,1.0
r/redscarepod,0,1,0.0,0,1.0
r/usps_complaints,0,1,0.0,0,1.0
r/asianamercianytsnark,0,1,0.0,0,1.0
r/criticalrole,0,1,0.0,0,1.0
r/JustBootThings,0,1,0.0,0,1.0
r/DigitalIncomePath,0,1,0.0,0,1.0
r/PickAorB,0,1,0.0,0,1.0
r/TikTokBuySellTrade,0,1,0.0,0,1.0
r/beyonce,0,1,0.0,0,1.0
r/modamasculina,0,1,0.0,0,1.0
r/austinjosephtamargo,0,1,0.0,0,1.0
r/mishallamour,0,1,0.0,0,1.0
r/IsMyPokemonCardFake,0,1,0.0,0,1.0
r/MelanieMartinez,0,1,0.0,0,1.0
r/DesireeLuckeysnarkkk,0,1,0.0,0,1.0
r/telescopes,0,1,0.0,0,1.0
r/isthisAI,0,1,0.0,0,1.0
r/R36S,0,1,0.0,0,1.0
r/nathanielpaigepeace,0,1,0.0,0,1.0
r/TrueReligionJeans,0,1,0.0,0,1.0
r/Tophia,0,1,0.0,0,1.0
r/skincare_ph,0,1,0.0,0,1.0
r/PhWatches,0,1,0.0,0,1.0
r/cagayandeoro,0,1,0.0,0,1.0
r/ScammersPH,0,1,0.0,0,1.0
r/ThailandTourism,0,1,0.0,0,1.0
r/for_seunghan,0,1,0.0,0,1.0
r/keyboards,0,1,0.0,0,1.0
r/AskPinoyMen,0,1,0.0,0,1.0
r/beermoneyph,0,1,0.0,0,1.0
r/PhStartups,0,1,0.0,0,1.0
r/beautyph,0,1,0.0,0,1.0
r/CarsPH,0,1,0.0,0,1.0
r/ConselhosLegais,0,1,0.0,0,1.0
r/CadeirasDeEscritorio,0,1,0.0,0,1.0
r/ChillSG,0,1,0.0,0,1.0
r/aislop,0,1,0.0,0,1.0
r/RepublicadeChile,0,1,0.0,0,1.0
r/AreMyAirpodsAuthentic,0,1,0.0,0,1.0
r/SoloLivingPH,0,1,0.0,0,1.0
r/futbolchilensis,0,1,0.0,0,1.0
r/cafebrasil,0,1,0.0,0,1.0
r/finansial,0,1,0.0,0,1.0
r/Bacolod,0,1,0.0,0,1.0
r/indonesiabebas,0,1,0.0,0,1.0
r/FirstKhaotung,0,1,0.0,0,1.0
r/shuvee,0,1,0.0,0,1.0
r/PeterExplainsTheJoke,0,1,0.0,0,1.0
r/JobsPhilippines,0,1,0.0,0,1.0
r/PHMotorcycles,0,1,0.0,0,1.0
r/faculdadeBR,0,1,0.0,0,1.0
r/conversas,0,1,0.0,0,1.0
r/PocoPhones,0,1,0.0,0,1.0
r/PickleballPhilippines,0,1,0.0,0,1.0
r/Unexpected,0,1,0.0,0,1.0
r/Titanfall_3,0,1,0.0,0,1.0
r/HistoryMemes,0,1,0.0,0,1.0
r/Silksong,0,1,0.0,0,1.0
r/ARPG,0,1,0.0,0,1.0
r/Denmark,0,1,0.0,0,1.0
r/plushies,0,1,0.0,0,1.0
r/MicrobrandWatches,0,1,0.0,0,1.0
r/roguelites,0,1,0.0,0,1.0
r/dragons,0,1,0.0,0,1.0
r/skiing,0,1,0.0,0,1.0
r/BlackPeopleTwitter,0,1,0.0,0,1.0
r/Pathfinder_Kingmaker,0,1,0.0,0,1.0
r/h3h3productions,0,1,0.0,0,1.0
r/DieselKnights,0,1,0.0,0,1.0
r/EbonyImagination,0,1,0.0,0,1.0
r/vinyltoys,0,1,0.0,0,1.0
r/expedition33,0,1,0.0,0,1.0
r/dumbphones,0,1,0.0,0,1.0
r/thebrokenbindingsub,0,1,0.0,0,1.0
r/Handhelds,0,1,0.0,0,1.0
r/TTRPG,0,1,0.0,0,1.0
r/canucks,0,1,0.0,0,1.0
r/animation,0,1,0.0,0,1.0
r/ToddintheShadow,0,1,0.0,0,1.0
r/holdmyredbull,0,1,0.0,0,1.0
r/neovim,0,1,0.0,0,1.0
r/daggerheart,0,1,0.0,0,1.0
r/TrantorVision,0,1,0.0,0,1.0
r/Maplestory,0,1,0.0,0,1.0
r/EnoughCommieSpam,0,1,0.0,0,1.0
r/SorceryTCG,0,1,0.0,0,1.0
r/QuizPlanetGame,0,1,0.0,0,1.0
r/TheDragonPrince,0,1,0.0,0,1.0
r/TheRandomest,0,1,0.0,0,1.0
r/DnDcirclejerk,0,1,0.0,0,1.0
r/Soda,0,1,0.0,0,1.0
r/espressocirclejerk,0,1,0.0,0,1.0
r/SteelAces,0,1,0.0,0,1.0
r/RealTimeStrategy,0,1,0.0,0,1.0
r/DRZ400,0,1,0.0,0,1.0
r/wholesomeyuri,0,1,0.0,0,1.0
r/Unmatched,0,1,0.0,0,1.0
r/DigitalAudioPlayer,0,1,0.0,0,1.0
r/publicdomain,0,1,0.0,0,1.0
r/OasisMini,0,1,0.0,0,1.0
r/YMS,0,1,0.0,0,1.0
r/HoverDrone,0,1,0.0,0,1.0
r/QuickQuestion,0,1,0.0,0,1.0
r/SideProject,0,1,0.0,0,1.0
r/rattusrattus,0,1,0.0,0,1.0
r/BambuLab,0,1,0.0,0,1.0
r/SwordandSorcery,0,1,0.0,0,1.0
r/BitcoinMining,0,1,0.0,0,1.0
r/neakasa,0,1,0.0,0,1.0
r/DroiX,0,1,0.0,0,1.0
r/RingOne,0,1,0.0,0,1.0
r/Blogging,0,1,0.0,0,1.0
r/PowerMetal,0,1,0.0,0,1.0
r/AndroidGaming,0,1,0.0,0,1.0
r/falloutequestria,0,1,0.0,0,1.0
r/Iraqigamers,0,1,0.0,0,1.0
r/golf,0,1,0.0,0,1.0
r/bevy,0,1,0.0,0,1.0
r/Intellivision_Amico,0,1,0.0,0,1.0
r/casio,0,1,0.0,0,1.0
r/WeirdLit,0,1,0.0,0,1.0
r/XRPUnite,0,1,0.0,0,1.0
r/fintech,0,1,0.0,0,1.0
r/okbuddyphd,0,1,0.0,0,1.0
r/maastricht,0,1,0.0,0,1.0
r/tnvisa,0,1,0.0,0,1.0
r/Koina,0,1,0.0,0,1.0
r/cbpoapplicant,0,1,0.0,0,1.0
r/Minecraft,0,1,0.0,0,1.0
r/goodnews,0,1,0.0,0,1.0
r/formula1,0,1,0.0,0,1.0
r/PORTUGALCYKABLYAT,0,1,0.0,0,1.0
r/nottheonion,0,1,0.0,0,1.0
r/TikTokCringe,0,1,0.0,0,1.0
r/ufc,0,1,0.0,0,1.0
r/distractible,0,1,0.0,0,1.0
r/chess,0,1,0.0,0,1.0
r/CuratedTumblr,0,1,0.0,0,1.0
r/PrepperIntel,0,1,0.0,0,1.0
r/circled,0,1,0.0,0,1.0
r/delhi,0,1,0.0,0,1.0
r/Cooking,0,1,0.0,0,1.0
r/Grimdank,0,1,0.0,0,1.0
r/HolUp,0,1,0.0,0,1.0
r/OnePunchMan,0,1,0.0,0,1.0
r/managers,0,1,0.0,0,1.0
r/MathJokes,0,1,0.0,0,1.0
r/HonkaiStarRail,0,1,0.0,0,1.0
r/WinStupidPrizes,0,1,0.0,0,1.0
r/feedthememes,0,1,0.0,0,1.0
r/farming,0,1,0.0,0,1.0
r/indiameme,0,1,0.0,0,1.0
r/ArcRaiders,0,1,0.0,0,1.0
r/reddevils,0,1,0.0,0,1.0
r/Parenting,0,1,0.0,0,1.0
r/StockLaunchers,0,1,0.0,0,1.0
r/allthequestions,0,1,0.0,0,1.0
r/creepcast,0,1,0.0,0,1.0
r/okbuddyfumiko,0,1,0.0,0,1.0
r/TrollCoping,0,1,0.0,0,1.0
r/lol,0,1,0.0,0,1.0
r/NewsOfTheStupid,0,1,0.0,0,1.0
r/DontPutThatInYourAss,0,1,0.0,0,1.0
r/standardissuecat,0,1,0.0,0,1.0
r/Employment,0,1,0.0,0,1.0
r/dwts,0,1,0.0,0,1.0
r/Connecticut,0,1,0.0,0,1.0
r/ThriftStoreHauls,0,1,0.0,0,1.0
r/worldjerking,0,1,0.0,0,1.0
r/10xPennyStocks,0,1,0.0,0,1.0
r/SpidermanPS4,0,1,0.0,0,1.0
r/stonerfood,0,1,0.0,0,1.0
r/BeamNG,0,1,0.0,0,1.0
r/kansas,0,1,0.0,0,1.0
r/consumecanadian,0,1,0.0,0,1.0
r/ForgottenWeapons,0,1,0.0,0,1.0
r/Warthunder,0,1,0.0,0,1.0
r/CompoundClub,0,1,0.0,0,1.0
r/explainlikeimfive,0,1,0.0,0,1.0
r/DankJantaParty,0,1,0.0,0,1.0
r/UkrainianConflict,0,1,0.0,0,1.0
r/TrendoraX,0,1,0.0,0,1.0
r/HermanCainAward,0,1,0.0,0,1.0
r/washingtondc,0,1,0.0,0,1.0
r/Affinity,0,1,0.0,0,1.0
r/programminghumor,0,1,0.0,0,1.0
r/Indiastreetbets,0,1,0.0,0,1.0
r/udiomusic,0,1,0.0,0,1.0
r/assettocorsa,0,1,0.0,0,1.0
r/nostalgia,0,1,0.0,0,1.0
r/musik,0,1,0.0,0,1.0
r/peakoil,0,1,0.0,0,1.0
r/electricvehicles,0,1,0.0,0,1.0
r/BoycottUnitedStates,0,1,0.0,0,1.0
r/incredible_indians,0,1,0.0,0,1.0
r/geography,0,1,0.0,0,1.0
r/imaginarymaps,0,1,0.0,0,1.0
r/Notion,0,1,0.0,0,1.0
r/Romania,0,1,0.0,0,1.0
r/ChatGPT,0,1,0.0,0,1.0
r/factorio,0,1,0.0,0,1.0
r/StockMarket,0,1,0.0,0,1.0
r/HistoricalCapsule,0,1,0.0,0,1.0
r/Tariffs,0,1,0.0,0,1.0
r/unusual_whales,0,1,0.0,0,1.0
r/aussie,0,1,0.0,0,1.0
r/CriticalThinkingIndia,0,1,0.0,0,1.0
r/chinacars,0,1,0.0,0,1.0
