name,domain_label,tags,quality_score,default_weight,estimated_daily_posts
r/funny,Entertainment & Culture,entertainment|culture|funny,0.7,80,100
r/AskReddit,Entertainment & Culture,entertainment|culture|AskReddit,0.7,80,100
r/gaming,,gaming,0.6,60,30
r/worldnews,News & World,news|world|politics|worldnews,0.75,85,100
r/todayilearned,Entertainment & Culture,entertainment|culture|todayilearned,0.7,80,100
r/Music,Entertainment & Culture,entertainment|culture|Music,0.7,80,100
r/aww,Entertainment & Culture,entertainment|culture|aww,0.7,80,100
r/movies,Entertainment & Culture,entertainment|culture|movies,0.7,80,100
r/memes,Entertainment & Culture,entertainment|culture|memes,0.7,80,100
r/science,,science,0.6,60,30
r/Showerthoughts,Entertainment & Culture,entertainment|culture|Showerthoughts,0.7,80,100
r/pics,Entertainment & Culture,entertainment|culture|pics,0.7,80,100
r/news,News & World,news|world|politics,0.75,85,100
r/Jokes,Entertainment & Culture,entertainment|culture|Jokes,0.7,80,100
r/space,,space,0.6,60,30
r/DIY,,DIY,0.6,60,30
r/books,,books,0.6,60,30
r/videos,,videos,0.6,60,30
r/askscience,,askscience,0.6,60,30
r/nottheonion,,nottheonion,0.6,60,30
r/mildlyinteresting,,mildlyinteresting,0.6,60,30
r/food,,food,0.6,60,30
r/GetMotivated,Health & Lifestyle,health|lifestyle|GetMotivated,0.62,60,40
r/EarthPorn,,EarthPorn,0.6,60,30
r/explainlikeimfive,,explainlikeimfive,0.6,60,30
r/LifeProTips,,LifeProTips,0.6,60,30
r/gadgets,,gadgets,0.6,60,30
r/IAmA,,IAmA,0.6,60,30
r/Art,,Art,0.6,60,30
r/sports,,sports,0.6,60,30
r/dataisbeautiful,,dataisbeautiful,0.6,60,30
r/Futurology,,Futurology,0.6,60,30
r/gifs,,gifs,0.6,60,30
r/personalfinance,,personalfinance,0.6,60,30
r/UpliftingNews,News & World,news|world|politics|UpliftingNews,0.75,85,100
r/photoshopbattles,,photoshopbattles,0.6,60,30
r/Documentaries,,Documentaries,0.6,60,30
r/technology,,technology,0.6,60,30
r/Damnthatsinteresting,,Damnthatsinteresting,0.6,60,30
r/wallstreetbets,Finance & Crypto,finance|investing|crypto|wallstreetbets,0.75,80,90
r/OldSchoolCool,,OldSchoolCool,0.6,60,30
r/WritingPrompts,,WritingPrompts,0.6,60,30
r/TIFU,,TIFU,0.6,60,30
r/history,,history,0.6,60,30
r/philosophy,,philosophy,0.6,60,30
r/nosleep,,nosleep,0.6,60,30
r/television,,television,0.6,60,30
r/listentothis,,listentothis,0.6,60,30
r/NatureIsFuckingLit,,NatureIsFuckingLit,0.6,60,30
r/nba,,nba,0.6,60,30
r/InternetIsBeautiful,,InternetIsBeautiful,0.6,60,30
r/pcmasterrace,,pcmasterrace,0.6,60,30
r/interestingasfuck,,interestingasfuck,0.6,60,30
r/relationship_advice,,elationship|advice,0.6,60,30
r/creepy,,creepy,0.6,60,30
r/lifehacks,,lifehacks,0.6,60,30
r/anime,,anime,0.6,60,30
r/travel,,travel,0.6,60,30
r/ContagiousLaughter,,ContagiousLaughter,0.6,60,30
r/nfl,,nfl,0.6,60,30
r/HistoryMemes,Entertainment & Culture,entertainment|culture|HistoryMemes,0.7,80,100
r/Fitness,Health & Lifestyle,health|lifestyle|Fitness,0.62,60,40
r/oddlysatisfying,,oddlysatisfying,0.6,60,30
r/dadjokes,Entertainment & Culture,entertainment|culture|dadjokes,0.7,80,100
r/MadeMeSmile,,MadeMeSmile,0.6,60,30
r/Unexpected,,Unexpected,0.6,60,30
r/NetflixBestOf,,NetflixBestOf,0.6,60,30
r/mildlyinfuriating,,mildlyinfuriating,0.6,60,30
r/europe,,europe,0.6,60,30
r/EatCheapAndHealthy,,EatCheapAndHealthy,0.6,60,30
r/ChatGPT,,ChatGPT,0.6,60,30
r/tattoos,,tattoos,0.6,60,30
r/CryptoCurrency,Finance & Crypto,finance|investing|crypto|CryptoCurrency,0.75,80,90
r/AdviceAnimals,,AdviceAnimals,0.6,60,30
r/BeAmazed,,BeAmazed,0.6,60,30
r/Politics,,Politics,0.6,60,30
r/cats,,cats,0.6,60,30
r/gardening,,gardening,0.6,60,30
r/FoodPorn,,FoodPorn,0.6,60,30
r/soccer,,soccer,0.6,60,30
r/Minecraft,,Minecraft,0.6,60,30
r/FunnyAnimals,Entertainment & Culture,entertainment|culture|FunnyAnimals,0.7,80,100
r/AnimalsBeingDerps,,AnimalsBeingDerps,0.6,60,30
r/buildapc,,buildapc,0.6,60,30
r/leagueoflegends,,leagueoflegends,0.6,60,30
r/Parenting,,Parenting,0.6,60,30
r/facepalm,,facepalm,0.6,60,30
r/rarepuppers,,arepuppers,0.6,60,30
r/WatchPeopleDieInside,,WatchPeopleDieInside,0.6,60,30
r/PS5,,PS5,0.6,60,30
r/Bitcoin,Finance & Crypto,finance|investing|crypto|Bitcoin,0.75,80,90
r/NintendoSwitch,,NintendoSwitch,0.6,60,30
r/itookapicture,,itookapicture,0.6,60,30
r/cars,,cars,0.6,60,30
r/MakeupAddiction,,MakeupAddiction,0.6,60,30
r/CozyPlaces,,CozyPlaces,0.6,60,30
r/AnimalsBeingBros,,AnimalsBeingBros,0.6,60,30
r/programming,Dev & Infra,dev|infra|cloud|programming,0.7,70,70
r/AITAH,,AITAH,0.6,60,30
r/HumansBeingBros,,HumansBeingBros,0.6,60,30
r/Frugal,,Frugal,0.6,60,30
r/NoStupidQuestions,,NoStupidQuestions,0.6,60,30
r/AnimalsBeingJerks,,AnimalsBeingJerks,0.6,60,30
r/formula1,,formula1,0.6,60,30
r/Fauxmoi,,Fauxmoi,0.6,60,30
r/starterpacks,,starterpacks,0.6,60,30
r/malefashionadvice,,malefashionadvice,0.6,60,30
r/socialskills,,socialskills,0.6,60,30
r/apple,,apple,0.6,60,30
r/entertainment,,entertainment,0.6,60,30
r/dating,,dating,0.6,60,30
r/popculturechat,,popculturechat,0.6,60,30
r/nevertellmetheodds,,nevertellmetheodds,0.6,60,30
r/MapPorn,,MapPorn,0.6,60,30
r/woodworking,,woodworking,0.6,60,30
r/Overwatch,,Overwatch,0.6,60,30
r/Awwducational,Entertainment & Culture,entertainment|culture|Awwducational,0.7,80,100
r/CrappyDesign,Design & UX,design|ux|ui|CrappyDesign,0.65,65,50
r/coolguides,,coolguides,0.6,60,30
r/Cooking,Health & Lifestyle,health|lifestyle|Cooking,0.62,60,40
r/Tinder,,Tinder,0.6,60,30
r/nutrition,Health & Lifestyle,health|lifestyle|nutrition,0.62,60,40
r/nasa,,nasa,0.6,60,30
r/technicallythetruth,,technicallythetruth,0.6,60,30
r/femalefashionadvice,,femalefashionadvice,0.6,60,30
r/foodhacks,,foodhacks,0.6,60,30
r/anime_irl,,anime|irl,0.6,60,30
r/drawing,,drawing,0.6,60,30
r/TravelHacks,,TravelHacks,0.6,60,30
r/MealPrepSunday,Health & Lifestyle,health|lifestyle|MealPrepSunday,0.62,60,40
r/Economics,,Economics,0.6,60,30
r/FortNiteBR,,FortNiteBR,0.6,60,30
r/pokemongo,,pokemongo,0.6,60,30
r/AskWomen,,AskWomen,0.6,60,30
r/photography,,photography,0.6,60,30
r/PS4,,PS4,0.6,60,30
r/Sneakers,,Sneakers,0.6,60,30
r/camping,,camping,0.6,60,30
r/YouShouldKnow,,YouShouldKnow,0.6,60,30
r/biology,,biology,0.6,60,30
r/backpacking,,backpacking,0.6,60,30
r/unitedkingdom,,unitedkingdom,0.6,60,30
r/boardgames,,boardgames,0.6,60,30
r/ModernWarfareII,,ModernWarfareII,0.6,60,30
r/bestof,,bestof,0.6,60,30
r/battlestations,,battlestations,0.6,60,30
r/OnePiece,,OnePiece,0.6,60,30
r/Shoestring,,Shoestring,0.6,60,30
r/streetwear,,streetwear,0.6,60,30
r/Outdoors,,Outdoors,0.6,60,30
r/trippinthroughtime,,trippinthroughtime,0.6,60,30
r/Survival,,Survival,0.6,60,30
r/Steam,,Steam,0.6,60,30
r/PremierLeague,,PremierLeague,0.6,60,30
r/strength_training,,strength|training,0.6,60,30
r/Daytrading,,Daytrading,0.6,60,30
r/Entrepreneur,Startup & SMB,startup|SMB|product|Entrepreneur,0.65,65,40
r/pettyrevenge,,pettyrevenge,0.6,60,30
r/SkincareAddiction,,SkincareAddiction,0.6,60,30
r/psychology,,psychology,0.6,60,30
r/unpopularopinion,,unpopularopinion,0.6,60,30
r/Eldenring,,Eldenring,0.6,60,30
r/marvelstudios,,marvelstudios,0.6,60,30
r/careerguidance,,careerguidance,0.6,60,30
r/BikiniBottomTwitter,,BikiniBottomTwitter,0.6,60,30
r/pokemon,,pokemon,0.6,60,30
r/slowcooking,Health & Lifestyle,health|lifestyle|slowcooking,0.62,60,40
r/HomeImprovement,,HomeImprovement,0.6,60,30
r/bodyweightfitness,Health & Lifestyle,health|lifestyle|bodyweightfitness,0.62,60,40
r/dating_advice,,dating|advice,0.6,60,30
r/ProgrammerHumor,,ProgrammerHumor,0.6,60,30
r/Eyebleach,,Eyebleach,0.6,60,30
r/homeautomation,,homeautomation,0.6,60,30
r/StarWars,,StarWars,0.6,60,30
r/iphone,,iphone,0.6,60,30
r/solotravel,,solotravel,0.6,60,30
r/scifi,,scifi,0.6,60,30
r/Painting,,Painting,0.6,60,30
r/hair,,hair,0.6,60,30
r/CFB,,CFB,0.6,60,30
r/Design,Design & UX,design|ux|ui,0.65,65,50
r/hardware,,hardware,0.6,60,30
r/ExpectationVsReality,,ExpectationVsReality,0.6,60,30
r/MaliciousCompliance,,MaliciousCompliance,0.6,60,30
r/canada,,canada,0.6,60,30
r/motorcycles,,motorcycles,0.6,60,30
r/learnprogramming,Dev & Infra,dev|infra|cloud|learnprogramming,0.7,70,70
r/marvelmemes,Entertainment & Culture,entertainment|culture|marvelmemes,0.7,80,100
r/woahdude,,woahdude,0.6,60,30
r/Baking,,Baking,0.6,60,30
r/DnD,,DnD,0.6,60,30
r/running,,unning,0.6,60,30
r/MovieDetails,,MovieDetails,0.6,60,30
r/changemyview,,changemyview,0.6,60,30
r/spaceporn,,spaceporn,0.6,60,30
r/MyPeopleNeedMe,,MyPeopleNeedMe,0.6,60,30
r/roadtrip,,oadtrip,0.6,60,30
r/loseit,,loseit,0.6,60,30
r/comicbooks,,comicbooks,0.6,60,30
r/productivity,Health & Lifestyle,health|lifestyle|productivity,0.62,60,40
r/ThriftStoreHauls,,ThriftStoreHauls,0.6,60,30
r/IdiotsInCars,,IdiotsInCars,0.6,60,30
r/UFOs,,UFOs,0.6,60,30
r/compsci,,compsci,0.6,60,30
r/Nails,,Nails,0.6,60,30
r/keto,Health & Lifestyle,health|lifestyle|keto,0.62,60,40
r/maybemaybemaybe,,maybemaybemaybe,0.6,60,30
r/HighQualityGifs,,HighQualityGifs,0.6,60,30
r/AmIOverreacting,,AmIOverreacting,0.6,60,30
r/StockMarket,,StockMarket,0.6,60,30
r/math,,math,0.6,60,30
r/standupshots,,standupshots,0.6,60,30
r/podcasts,,podcasts,0.6,60,30
r/reactiongifs,,eactiongifs,0.6,60,30
r/pcgaming,,pcgaming,0.6,60,30
r/Fantasy,,Fantasy,0.6,60,30
r/kpop,,kpop,0.6,60,30
r/chemistry,,chemistry,0.6,60,30
r/sciencememes,Entertainment & Culture,entertainment|culture|sciencememes,0.7,80,100
r/WeAreTheMusicMakers,Entertainment & Culture,entertainment|culture|WeAreTheMusicMakers,0.7,80,100
r/15minutefood,,15minutefood,0.6,60,30
r/DiWHY,,DiWHY,0.6,60,30
r/singularity,,singularity,0.6,60,30
r/PrequelMemes,Entertainment & Culture,entertainment|culture|PrequelMemes,0.7,80,100
r/TaylorSwift,,TaylorSwift,0.6,60,30
r/BestofRedditorUpdates,,BestofRedditorUpdates,0.6,60,30
r/gameofthrones,,gameofthrones,0.6,60,30
r/Genshin_Impact,,Genshin|Impact,0.6,60,30
r/RelationshipMemes,Entertainment & Culture,entertainment|culture|RelationshipMemes,0.7,80,100
r/oddlyspecific,,oddlyspecific,0.6,60,30
r/DigitalPainting,,DigitalPainting,0.6,60,30
r/ethereum,Finance & Crypto,finance|investing|crypto|ethereum,0.75,80,90
r/spacex,,spacex,0.6,60,30
r/harrypotter,,harrypotter,0.6,60,30
r/comics,,comics,0.6,60,30
r/DunderMifflin,,DunderMifflin,0.6,60,30
r/AsianBeauty,,AsianBeauty,0.6,60,30
r/OutOfTheLoop,,OutOfTheLoop,0.6,60,30
r/Health,,Health,0.6,60,30
r/MMA,,MMA,0.6,60,30
r/indieheads,,indieheads,0.6,60,30
r/Marvel,,Marvel,0.6,60,30
r/HealthyFood,,HealthyFood,0.6,60,30
r/ArtPorn,,ArtPorn,0.6,60,30
r/recipes,,ecipes,0.6,60,30
r/Meditation,,Meditation,0.6,60,30
r/Philippines,,Philippines,0.6,60,30
r/google,,google,0.6,60,30
r/OUTFITS,,OUTFITS,0.6,60,30
r/homestead,,homestead,0.6,60,30
r/JapanTravel,,JapanTravel,0.6,60,30
r/Games,,Games,0.6,60,30
r/teslamotors,,teslamotors,0.6,60,30
r/HolUp,,HolUp,0.6,60,30
r/MinecraftMemes,Entertainment & Culture,entertainment|culture|MinecraftMemes,0.7,80,100
r/howto,,howto,0.6,60,30
r/fantasyfootball,,fantasyfootball,0.6,60,30
r/DestinyTheGame,,DestinyTheGame,0.6,60,30
r/horror,,horror,0.6,60,30
r/india,,india,0.6,60,30
r/BuyItForLife,,BuyItForLife,0.6,60,30
r/legaladvice,,legaladvice,0.6,60,30
r/HistoryPorn,,HistoryPorn,0.6,60,30
r/offmychest,,offmychest,0.6,60,30
r/teenagers,,teenagers,0.6,60,30
r/yoga,,yoga,0.6,60,30
r/techsupport,,techsupport,0.6,60,30
r/youtube,,youtube,0.6,60,30
r/languagelearning,,languagelearning,0.6,60,30
r/Naruto,,Naruto,0.6,60,30
r/writing,,writing,0.6,60,30
r/Zelda,,Zelda,0.6,60,30
r/GifRecipes,,GifRecipes,0.6,60,30
r/Watches,,Watches,0.6,60,30
r/Guitar,,Guitar,0.6,60,30
r/raspberry_pi,,aspberry|pi,0.6,60,30
r/suggestmeabook,,suggestmeabook,0.6,60,30
r/BaldursGate3,,BaldursGate3,0.6,60,30
r/Perfectfit,,Perfectfit,0.6,60,30
r/GetStudying,,GetStudying,0.6,60,30
r/3DPrinting,,3DPrinting,0.6,60,30
r/ArtefactPorn,,ArtefactPorn,0.6,60,30
r/meirl,,meirl,0.6,60,30
r/frugalmalefashion,,frugalmalefashion,0.6,60,30
r/Physics,,Physics,0.6,60,30
r/sidehustle,,sidehustle,0.6,60,30
r/investing,Finance & Crypto,finance|investing|crypto,0.75,80,90
r/popheads,,popheads,0.6,60,30
r/web_design,Design & UX,design|ux|ui|web,0.65,65,50
r/webdev,Dev & Infra,dev|infra|cloud|webdev,0.7,70,70
r/Fishing,,Fishing,0.6,60,30
r/WhitePeopleTwitter,,WhitePeopleTwitter,0.6,60,30
r/Android,,Android,0.6,60,30
r/Weird,,Weird,0.6,60,30
r/funnysigns,Entertainment & Culture,entertainment|culture|funnysigns,0.7,80,100
r/boxing,,boxing,0.6,60,30
r/BeautyGuruChatter,,BeautyGuruChatter,0.6,60,30
r/xxfitness,Health & Lifestyle,health|lifestyle|xxfitness,0.62,60,40
r/wow,,wow,0.6,60,30
r/mlb,,mlb,0.6,60,30
r/baseball,,baseball,0.6,60,30
r/somethingimade,,somethingimade,0.6,60,30
r/Astronomy,,Astronomy,0.6,60,30
r/SipsTea,,SipsTea,0.6,60,30
r/learntodraw,,learntodraw,0.6,60,30
r/toptalent,,toptalent,0.6,60,30
r/whatisthisthing,,whatisthisthing,0.6,60,30
r/EDM,,EDM,0.6,60,30
r/StardewValley,,StardewValley,0.6,60,30
r/apexlegends,,apexlegends,0.6,60,30
r/mlquestions,,mlquestions,0.6,60,30
r/learnmachinelearning,AI & Data,ai|ml|data|learnmachinelearning,0.7,70,70
r/cscareerquestions,,cscareerquestions,0.6,60,30
r/MachineLearning,AI & Data,ai|ml|data|MachineLearning,0.7,70,70
r/spotify,,spotify,0.6,60,30
r/Filmmakers,,Filmmakers,0.6,60,30
r/BetterEveryLoop,,BetterEveryLoop,0.6,60,30
r/hockey,,hockey,0.6,60,30
r/vandwellers,,vandwellers,0.6,60,30
r/lotrmemes,Entertainment & Culture,entertainment|culture|lotrmemes,0.7,80,100
r/educationalgifs,,educationalgifs,0.6,60,30
r/CollegeBasketball,,CollegeBasketball,0.6,60,30
r/FanTheories,,FanTheories,0.6,60,30
r/DeepIntoYouTube,,DeepIntoYouTube,0.6,60,30
r/ufc,,ufc,0.6,60,30
r/mac,,mac,0.6,60,30
r/beginnerfitness,Health & Lifestyle,health|lifestyle|beginnerfitness,0.62,60,40
r/atheism,,atheism,0.6,60,30
r/bodybuilding,,bodybuilding,0.6,60,30
r/budgetfood,,budgetfood,0.6,60,30
r/college,,college,0.6,60,30
r/ChildrenFallingOver,,ChildrenFallingOver,0.6,60,30
r/antiwork,,antiwork,0.6,60,30
r/PeterExplainsTheJoke,,PeterExplainsTheJoke,0.6,60,30
r/hacking,,hacking,0.6,60,30
r/houseplants,,houseplants,0.6,60,30
r/humor,,humor,0.6,60,30
r/Twitch,,Twitch,0.6,60,30
r/graphic_design,Design & UX,design|ux|ui|graphic,0.65,65,50
r/introvert,,introvert,0.6,60,30
r/crafts,,crafts,0.6,60,30
r/GamePhysics,,GamePhysics,0.6,60,30
r/dogs,,dogs,0.6,60,30
r/youtubehaiku,,youtubehaiku,0.6,60,30
r/homeowners,,homeowners,0.6,60,30
r/australia,,australia,0.6,60,30
r/likeus,,likeus,0.6,60,30
r/AnimalCrossing,,AnimalCrossing,0.6,60,30
r/CampingandHiking,,CampingandHiking,0.6,60,30
r/NFT,,NFT,0.6,60,30
r/malelivingspace,,malelivingspace,0.6,60,30
r/datascience,AI & Data,ai|ml|data|datascience,0.7,70,70
r/AskEngineers,,AskEngineers,0.6,60,30
r/CasualUK,,CasualUK,0.6,60,30
r/Mommit,,Mommit,0.6,60,30
r/analog,,analog,0.6,60,30
r/analogcommunity,,analogcommunity,0.6,60,30
r/CasualConversation,,CasualConversation,0.6,60,30
r/PUBATTLEGROUNDS,,PUBATTLEGROUNDS,0.6,60,30
r/Coronavirus,,Coronavirus,0.6,60,30
r/VALORANT,,VALORANT,0.6,60,30
r/electronicmusic,Entertainment & Culture,entertainment|culture|electronicmusic,0.7,80,100
r/StupidFood,,StupidFood,0.6,60,30
r/astrophotography,,astrophotography,0.6,60,30
r/thewalkingdead,,thewalkingdead,0.6,60,30
r/PixelArt,,PixelArt,0.6,60,30
r/tipofmytongue,,tipofmytongue,0.6,60,30
r/aviation,,aviation,0.6,60,30
r/oddlyterrifying,,oddlyterrifying,0.6,60,30
r/lego,,lego,0.6,60,30
r/Metal,,Metal,0.6,60,30
r/roblox,,oblox,0.6,60,30
r/AskHistorians,,AskHistorians,0.6,60,30
r/nhl,,nhl,0.6,60,30
r/rap,,ap,0.6,60,30
r/dogecoin,,dogecoin,0.6,60,30
r/SweatyPalms,,SweatyPalms,0.6,60,30
r/CharacterAI,,CharacterAI,0.6,60,30
r/OpenAI,,OpenAI,0.6,60,30
r/minimalism,,minimalism,0.6,60,30
r/StrangerThings,,StrangerThings,0.6,60,30
r/100yearsago,,100yearsago,0.6,60,30
r/Grilling,,Grilling,0.6,60,30
r/hiking,,hiking,0.6,60,30
r/cyberpunkgame,,cyberpunkgame,0.6,60,30
r/jobs,,jobs,0.6,60,30
r/povertyfinance,,povertyfinance,0.6,60,30
r/LongDistance,,LongDistance,0.6,60,30
r/ShingekiNoKyojin,,ShingekiNoKyojin,0.6,60,30
r/classicalmusic,Entertainment & Culture,entertainment|culture|classicalmusic,0.7,80,100
r/javascript,Dev & Infra,dev|infra|cloud|javascript,0.7,70,70
r/BollyBlindsNGossip,,BollyBlindsNGossip,0.6,60,30
r/natureismetal,,natureismetal,0.6,60,30
r/RedDeadRedemption,,RedDeadRedemption,0.6,60,30
r/selfimprovement,Health & Lifestyle,health|lifestyle|selfimprovement,0.62,60,40
r/TrueOffMyChest,,TrueOffMyChest,0.6,60,30
r/JuJutsuKaisen,,JuJutsuKaisen,0.6,60,30
r/RealEstate,,RealEstate,0.6,60,30
r/financialindependence,,financialindependence,0.6,60,30
r/Coffee,,Coffee,0.6,60,30
r/flexibility,,flexibility,0.6,60,30
r/3amjokes,Entertainment & Culture,entertainment|culture|3amjokes,0.7,80,100
r/FreeEBOOKS,,FreeEBOOKS,0.6,60,30
r/DesignPorn,Design & UX,design|ux|ui|DesignPorn,0.65,65,50
r/disney,,disney,0.6,60,30
r/ethtrader,,ethtrader,0.6,60,30
r/30PlusSkinCare,,30PlusSkinCare,0.6,60,30
r/fragrance,,fragrance,0.6,60,30
r/nintendo,,nintendo,0.6,60,30
r/digitalnomad,,digitalnomad,0.6,60,30
r/dbz,,dbz,0.6,60,30
r/Graffiti,,Graffiti,0.6,60,30
r/ArtisanVideos,,ArtisanVideos,0.6,60,30
r/nvidia,,nvidia,0.6,60,30
r/OnePunchMan,,OnePunchMan,0.6,60,30
r/ArchitecturePorn,,ArchitecturePorn,0.6,60,30
r/ATBGE,,ATBGE,0.6,60,30
r/smallbusiness,Startup & SMB,startup|SMB|product|smallbusiness,0.65,65,40
r/WhatsWrongWithYourDog,,WhatsWrongWithYourDog,0.6,60,30
r/hbo,,hbo,0.6,60,30
r/hbomax,,hbomax,0.6,60,30
r/AskUK,,AskUK,0.6,60,30
r/LatinoPeopleTwitter,,LatinoPeopleTwitter,0.6,60,30
r/vinyl,,vinyl,0.6,60,30
r/TheLastAirbender,,TheLastAirbender,0.6,60,30
r/theydidthemath,,theydidthemath,0.6,60,30
r/AMD,,AMD,0.6,60,30
r/Teachers,,Teachers,0.6,60,30
r/PoliticalDiscussion,,PoliticalDiscussion,0.6,60,30
r/AbandonedPorn,,AbandonedPorn,0.6,60,30
r/DisneyPlus,,DisneyPlus,0.6,60,30
r/literature,,literature,0.6,60,30
r/terriblefacebookmemes,Entertainment & Culture,entertainment|culture|terriblefacebookmemes,0.7,80,100
r/urbanexploration,,urbanexploration,0.6,60,30
r/Satisfyingasfuck,,Satisfyingasfuck,0.6,60,30
r/sewing,,sewing,0.6,60,30
r/Justrolledintotheshop,,Justrolledintotheshop,0.6,60,30
r/Journaling,,Journaling,0.6,60,30
r/reallifedoodles,,eallifedoodles,0.6,60,30
r/BokuNoHeroAcademia,,BokuNoHeroAcademia,0.6,60,30
r/PhotoshopRequest,,PhotoshopRequest,0.6,60,30
r/Poetry,,Poetry,0.6,60,30
r/audiophile,,audiophile,0.6,60,30
r/Helldivers,,Helldivers,0.6,60,30
r/NationalPark,,NationalPark,0.6,60,30
r/ADHD,,ADHD,0.6,60,30
r/confusing_perspective,,confusing|perspective,0.6,60,30
r/AskAcademia,,AskAcademia,0.6,60,30
r/Paranormal,,Paranormal,0.6,60,30
r/socialmedia,,socialmedia,0.6,60,30
r/astrology,,astrology,0.6,60,30
r/finance,,finance,0.6,60,30
r/virtualreality,,virtualreality,0.6,60,30
r/IWantOut,,IWantOut,0.6,60,30
r/perfectlycutscreams,,perfectlycutscreams,0.6,60,30
r/HunterXHunter,,HunterXHunter,0.6,60,30
r/cookingforbeginners,Health & Lifestyle,health|lifestyle|cookingforbeginners,0.62,60,40
r/AskCulinary,Health & Lifestyle,health|lifestyle|AskCulinary,0.62,60,40
r/getdisciplined,,getdisciplined,0.6,60,30
r/HouseOfTheDragon,Go-To-Market,growth|marketing|HouseOfTheDragon,0.65,65,50
r/forbiddensnacks,,forbiddensnacks,0.6,60,30
r/tennis,,tennis,0.6,60,30
r/elonmusk,,elonmusk,0.6,60,30
r/CleaningTips,,CleaningTips,0.6,60,30
r/hmmm,,hmmm,0.6,60,30
r/Skincare_Addiction,,Skincare|Addiction,0.6,60,30
r/ofcoursethatsathing,,ofcoursethatsathing,0.6,60,30
r/mealtimevideos,,mealtimevideos,0.6,60,30
r/AnimalsBeingGeniuses,,AnimalsBeingGeniuses,0.6,60,30
r/halo,,halo,0.6,60,30
r/law,,law,0.6,60,30
r/architecture,,architecture,0.6,60,30
r/animation,,animation,0.6,60,30
r/gamedev,,gamedev,0.6,60,30
r/vegan,,vegan,0.6,60,30
r/softwaregore,,softwaregore,0.6,60,30
r/startups,Startup & SMB,startup|SMB|product|startups,0.65,65,40
r/hearthstone,,hearthstone,0.6,60,30
r/wallpaper,,wallpaper,0.6,60,30
r/realestateinvesting,Finance & Crypto,finance|investing|crypto|ealestateinvesting,0.75,80,90
r/MechanicAdvice,,MechanicAdvice,0.6,60,30
r/powerwashingporn,,powerwashingporn,0.6,60,30
r/MangaCollectors,,MangaCollectors,0.6,60,30
r/savedyouaclick,,savedyouaclick,0.6,60,30
r/CryptoMarkets,,CryptoMarkets,0.6,60,30
r/AmazonPrimeVideo,,AmazonPrimeVideo,0.6,60,30
r/Fallout,,Fallout,0.6,60,30
r/AbsoluteUnits,,AbsoluteUnits,0.6,60,30
r/Europetravel,,Europetravel,0.6,60,30
r/marketing,Go-To-Market,growth|marketing,0.65,65,50
r/Sims4,,Sims4,0.6,60,30
r/AnimeART,,AnimeART,0.6,60,30
r/Pizza,,Pizza,0.6,60,30
r/MemeEconomy,,MemeEconomy,0.6,60,30
r/crochet,,crochet,0.6,60,30
r/TwoSentenceHorror,,TwoSentenceHorror,0.6,60,30
r/TattooDesigns,Design & UX,design|ux|ui|TattooDesigns,0.65,65,50
r/RocketLeague,,RocketLeague,0.6,60,30
r/worldbuilding,,worldbuilding,0.6,60,30
r/Adulting,,Adulting,0.6,60,30
r/Makeup,,Makeup,0.6,60,30
r/crossfit,,crossfit,0.6,60,30
r/netflix,,netflix,0.6,60,30
r/algotrading,,algotrading,0.6,60,30
r/AskHR,,AskHR,0.6,60,30
r/beauty,,beauty,0.6,60,30
r/ExposurePorn,,ExposurePorn,0.6,60,30
r/UKPersonalFinance,,UKPersonalFinance,0.6,60,30
r/PersonalFinanceCanada,,PersonalFinanceCanada,0.6,60,30
r/singapore,,singapore,0.6,60,30
r/MovieSuggestions,Entertainment & Culture,entertainment|culture|MovieSuggestions,0.7,80,100
r/Cricket,,Cricket,0.6,60,30
r/Linux,,Linux,0.6,60,30
r/Linux4Noobs,,Linux4Noobs,0.6,60,30
r/linuxquestions,,linuxquestions,0.6,60,30
r/RoomPorn,,RoomPorn,0.6,60,30
r/Cinemagraphs,,Cinemagraphs,0.6,60,30
r/funnyvideos,Entertainment & Culture,entertainment|culture|funnyvideos,0.7,80,100
r/japan,,japan,0.6,60,30
r/midjourney,,midjourney,0.6,60,30
r/playstation,,playstation,0.6,60,30
r/chess,,chess,0.6,60,30
r/chessbeginners,,chessbeginners,0.6,60,30
r/acne,,acne,0.6,60,30
r/Screenwriting,,Screenwriting,0.6,60,30
r/DotA2,,DotA2,0.6,60,30
r/photocritique,,photocritique,0.6,60,30
r/whatsthisplant,,whatsthisplant,0.6,60,30
r/carporn,,carporn,0.6,60,30
r/AMA,,AMA,0.6,60,30
r/FinancialCareers,,FinancialCareers,0.6,60,30
r/womensstreetwear,,womensstreetwear,0.6,60,30
r/Turkey,,Turkey,0.6,60,30
r/golf,,golf,0.6,60,30
r/thalassophobia,,thalassophobia,0.6,60,30
r/learnart,,learnart,0.6,60,30
r/BotanicalPorn,,BotanicalPorn,0.6,60,30
r/PoliticalHumor,,PoliticalHumor,0.6,60,30
r/Basketball,,Basketball,0.6,60,30
r/Nike,,Nike,0.6,60,30
r/VintageFashion,,VintageFashion,0.6,60,30
r/AskEurope,,AskEurope,0.6,60,30
r/indiasocial,,indiasocial,0.6,60,30
r/climbing,,climbing,0.6,60,30
r/KitchenConfidential,,KitchenConfidential,0.6,60,30
r/TheSimpsons,,TheSimpsons,0.6,60,30
r/lakers,,lakers,0.6,60,30
r/snowboarding,,snowboarding,0.6,60,30
r/UrbanHell,,UrbanHell,0.6,60,30
r/ArtificialInteligence,AI & Data,ai|ml|data|ArtificialInteligence,0.7,70,70
r/iamverysmart,,iamverysmart,0.6,60,30
r/TheWayWeWere,,TheWayWeWere,0.6,60,30
r/olympics,Entertainment & Culture,entertainment|culture|olympics,0.7,80,100
r/skiing,,skiing,0.6,60,30
r/Hulu,,Hulu,0.6,60,30
r/specializedtools,,specializedtools,0.6,60,30
r/rpg,,pg,0.6,60,30
r/PerfectTiming,,PerfectTiming,0.6,60,30
r/childfree,,childfree,0.6,60,30
r/environment,,environment,0.6,60,30
r/wholesomeanimemes,Entertainment & Culture,entertainment|culture|wholesomeanimemes,0.7,80,100
r/MachinePorn,,MachinePorn,0.6,60,30
r/rnb,,nb,0.6,60,30
r/Terraria,,Terraria,0.6,60,30
r/StartledCats,,StartledCats,0.6,60,30
r/privacy,,privacy,0.6,60,30
r/indiameme,,indiameme,0.6,60,30
r/weddingplanning,,weddingplanning,0.6,60,30
r/HumansAreMetal,,HumansAreMetal,0.6,60,30
r/landscaping,,landscaping,0.6,60,30
r/ramen,,amen,0.6,60,30
r/ifyoulikeblank,,ifyoulikeblank,0.6,60,30
r/headphones,,headphones,0.6,60,30
r/warriors,,warriors,0.6,60,30
r/Disneyland,,Disneyland,0.6,60,30
r/AskPhysics,,AskPhysics,0.6,60,30
r/Dogtraining,,Dogtraining,0.6,60,30
r/Anticonsumption,,Anticonsumption,0.6,60,30
r/Cruise,,Cruise,0.6,60,30
r/Catswithjobs,,Catswithjobs,0.6,60,30
r/microsoft,,microsoft,0.6,60,30
r/Bossfight,,Bossfight,0.6,60,30
r/nostalgia,,nostalgia,0.6,60,30
r/KerbalSpaceProgram,,KerbalSpaceProgram,0.6,60,30
r/thatHappened,,thatHappened,0.6,60,30
r/Zoomies,,Zoomies,0.6,60,30
r/CreditCards,,CreditCards,0.6,60,30
r/Hololive,,Hololive,0.6,60,30
r/ShouldIbuythisgame,,ShouldIbuythisgame,0.6,60,30
r/NASCAR,,NASCAR,0.6,60,30
r/truegaming,,truegaming,0.6,60,30
r/SpecArt,,SpecArt,0.6,60,30
r/cringepics,Entertainment & Culture,entertainment|culture|cringepics,0.7,80,100
r/discordapp,,discordapp,0.6,60,30
r/simpleliving,,simpleliving,0.6,60,30
r/smashbros,,smashbros,0.6,60,30
r/Aquariums,,Aquariums,0.6,60,30
r/Mindfulness,,Mindfulness,0.6,60,30
r/IWantToLearn,,IWantToLearn,0.6,60,30
r/BrandNewSentence,News & World,news|world|politics|BrandNewSentence,0.75,85,100
r/IndiaCricket,,IndiaCricket,0.6,60,30
r/london,,london,0.6,60,30
r/bleach,,bleach,0.6,60,30
r/thenetherlands,,thenetherlands,0.6,60,30
r/Beermoney,,Beermoney,0.6,60,30
r/3Dmodeling,,3Dmodeling,0.6,60,30
r/developersIndia,,developersIndia,0.6,60,30
r/HobbyDrama,,HobbyDrama,0.6,60,30
r/tumblr,,tumblr,0.6,60,30
r/Costco,,Costco,0.6,60,30
r/whatisit,,whatisit,0.6,60,30
r/Warhammer40k,,Warhammer40k,0.6,60,30
r/cycling,,cycling,0.6,60,30
r/AnimeSketch,,AnimeSketch,0.6,60,30
r/Python,Dev & Infra,dev|infra|cloud|Python,0.7,70,70
r/GPT3,,GPT3,0.6,60,30
r/AccidentalRenaissance,,AccidentalRenaissance,0.6,60,30
r/VietNam,,VietNam,0.6,60,30
r/singing,,singing,0.6,60,30
r/Simulated,,Simulated,0.6,60,30
r/tattooadvice,,tattooadvice,0.6,60,30
r/AskEconomics,,AskEconomics,0.6,60,30
r/geography,,geography,0.6,60,30
r/agedlikemilk,,agedlikemilk,0.6,60,30
r/Brawlstars,,Brawlstars,0.6,60,30
r/korea,,korea,0.6,60,30
r/burgers,,burgers,0.6,60,30
r/electronics,,electronics,0.6,60,30
r/Twitter,,Twitter,0.6,60,30
r/parrots,,parrots,0.6,60,30
r/IllegallySmolCats,,IllegallySmolCats,0.6,60,30
r/LofiHipHop,,LofiHipHop,0.6,60,30
r/PraiseTheCameraMan,,PraiseTheCameraMan,0.6,60,30
r/curlyhair,,curlyhair,0.6,60,30
r/awesome,,awesome,0.6,60,30
r/EngineeringPorn,,EngineeringPorn,0.6,60,30
r/bollywood,,bollywood,0.6,60,30
r/futbol,,futbol,0.6,60,30
r/Colorization,,Colorization,0.6,60,30
r/gravityfalls,,gravityfalls,0.6,60,30
r/PokemonScarletViolet,,PokemonScarletViolet,0.6,60,30
r/aliens,,aliens,0.6,60,30
r/ClashRoyale,,ClashRoyale,0.6,60,30
r/options,Finance & Crypto,finance|investing|crypto|options,0.75,80,90
r/RetroFuturism,,RetroFuturism,0.6,60,30
r/interesting,,interesting,0.6,60,30
r/blender,,blender,0.6,60,30
r/MechanicalKeyboards,,MechanicalKeyboards,0.6,60,30
r/LeopardsAteMyFace,,LeopardsAteMyFace,0.6,60,30
r/TheDepthsBelow,,TheDepthsBelow,0.6,60,30
r/gifsthatkeepongiving,,gifsthatkeepongiving,0.6,60,30
r/EASportsFC,,EASportsFC,0.6,60,30
r/mexicanfood,,mexicanfood,0.6,60,30
r/Eminem,,Eminem,0.6,60,30
r/CryptoTechnology,,CryptoTechnology,0.6,60,30
r/brooklynninenine,,brooklynninenine,0.6,60,30
r/witcher,,witcher,0.6,60,30
r/NewToReddit,,NewToReddit,0.6,60,30
r/ffxiv,,ffxiv,0.6,60,30
r/Bundesliga,,Bundesliga,0.6,60,30
r/mashups,,mashups,0.6,60,30
r/malaysia,,malaysia,0.6,60,30
r/cybersecurity,,cybersecurity,0.6,60,30
r/Conservative,,Conservative,0.6,60,30
r/booksuggestions,,booksuggestions,0.6,60,30
r/babyelephantgifs,,babyelephantgifs,0.6,60,30
r/manhwa,,manhwa,0.6,60,30
r/DecidingToBeBetter,,DecidingToBeBetter,0.6,60,30
r/thisismylifenow,,thisismylifenow,0.6,60,30
r/FrugalFemaleFashion,,FrugalFemaleFashion,0.6,60,30
r/delhi,,delhi,0.6,60,30
r/chemicalreactiongifs,,chemicalreactiongifs,0.6,60,30
r/ImTheMainCharacter,,ImTheMainCharacter,0.6,60,30
r/2007scape,,2007scape,0.6,60,30
r/SquaredCircle,,SquaredCircle,0.6,60,30
r/help,,help,0.6,60,30
r/findareddit,,findareddit,0.6,60,30
r/HomeDecorating,,HomeDecorating,0.6,60,30
r/FreeFolk,,FreeFolk,0.6,60,30
r/HydroHomies,,HydroHomies,0.6,60,30
r/ApplyingToCollege,,ApplyingToCollege,0.6,60,30
r/JustGuysBeingDudes,,JustGuysBeingDudes,0.6,60,30
r/Glitch_in_the_Matrix,,Glitch|in|the|Matrix,0.6,60,30
r/Jazz,,Jazz,0.6,60,30
r/IndianStockMarket,,IndianStockMarket,0.6,60,30
r/FellowKids,,FellowKids,0.6,60,30
r/piano,,piano,0.6,60,30
r/ask,,ask,0.6,60,30
r/resumes,,esumes,0.6,60,30
r/beards,,beards,0.6,60,30
r/HonkaiStarRail,,HonkaiStarRail,0.6,60,30
r/rupaulsdragrace,,upaulsdragrace,0.6,60,30
r/ireland,,ireland,0.6,60,30
r/pasta,,pasta,0.6,60,30
r/Scams,,Scams,0.6,60,30
r/MonsterHunter,,MonsterHunter,0.6,60,30
r/GrandPrixRacing,,GrandPrixRacing,0.6,60,30
r/PokemonGoFriends,,PokemonGoFriends,0.6,60,30
r/holdmyredbull,,holdmyredbull,0.6,60,30
r/nbadiscussion,,nbadiscussion,0.6,60,30
r/minipainting,,minipainting,0.6,60,30
r/weirddalle,,weirddalle,0.6,60,30
r/WWE,,WWE,0.6,60,30
r/ImaginaryArchitecture,,ImaginaryArchitecture,0.6,60,30
r/AnimalTextGifs,,AnimalTextGifs,0.6,60,30
r/CabinPorn,,CabinPorn,0.6,60,30
r/PokemonTCG,,PokemonTCG,0.6,60,30
r/recruitinghell,,ecruitinghell,0.6,60,30
r/DCcomics,,DCcomics,0.6,60,30
r/marvelrivals,,marvelrivals,0.6,60,30
r/tippytaps,,tippytaps,0.6,60,30
r/lgbt,,lgbt,0.6,60,30
r/whatsthisbug,,whatsthisbug,0.6,60,30
r/vagabond,,vagabond,0.6,60,30
r/billieeilish,,billieeilish,0.6,60,30
r/BeforeNAfterAdoption,,BeforeNAfterAdoption,0.6,60,30
r/nflmemes,Entertainment & Culture,entertainment|culture|nflmemes,0.7,80,100
r/SpyxFamily,,SpyxFamily,0.6,60,30
r/lotr,,lotr,0.6,60,30
r/Minecraftbuilds,,Minecraftbuilds,0.6,60,30
r/BitcoinBeginners,Finance & Crypto,finance|investing|crypto|BitcoinBeginners,0.75,80,90
r/ANormalDayInRussia,,ANormalDayInRussia,0.6,60,30
r/photoshop,,photoshop,0.6,60,30
r/MostBeautiful,,MostBeautiful,0.6,60,30
r/corgi,,corgi,0.6,60,30
r/KoreanFood,,KoreanFood,0.6,60,30
r/WhyWereTheyFilming,,WhyWereTheyFilming,0.6,60,30
r/boxoffice,,boxoffice,0.6,60,30
r/evilbuildings,,evilbuildings,0.6,60,30
r/dndmemes,Entertainment & Culture,entertainment|culture|dndmemes,0.7,80,100
r/homegym,,homegym,0.6,60,30
r/TwoHotTakes,,TwoHotTakes,0.6,60,30
r/Breadit,,Breadit,0.6,60,30
r/Accounting,,Accounting,0.6,60,30
r/ZeroWaste,,ZeroWaste,0.6,60,30
r/bicycling,,bicycling,0.6,60,30
r/sysadmin,,sysadmin,0.6,60,30
r/GooglePixel,,GooglePixel,0.6,60,30
r/notinteresting,,notinteresting,0.6,60,30
r/confidentlyincorrect,,confidentlyincorrect,0.6,60,30
r/artificial,AI & Data,ai|ml|data|artificial,0.7,70,70
r/airpods,,airpods,0.6,60,30
r/LegalAdviceUK,,LegalAdviceUK,0.6,60,30
r/mildlysatisfying,,mildlysatisfying,0.6,60,30
r/netflixwitcher,,netflixwitcher,0.6,60,30
r/GodofWarRagnarok,,GodofWarRagnarok,0.6,60,30
r/Superstonk,,Superstonk,0.6,60,30
r/whatcouldgoright,,whatcouldgoright,0.6,60,30
r/poland,,poland,0.6,60,30
r/Funnymemes,Entertainment & Culture,entertainment|culture|Funnymemes,0.7,80,100
r/futurama,,futurama,0.6,60,30
r/wholesome,,wholesome,0.6,60,30
r/btc,,btc,0.6,60,30
r/spiders,,spiders,0.6,60,30
r/IndianFood,,IndianFood,0.6,60,30
r/SkincareAddicts,,SkincareAddicts,0.6,60,30
r/Awww,Entertainment & Culture,entertainment|culture|Awww,0.7,80,100
r/smarthome,,smarthome,0.6,60,30
r/Pareidolia,,Pareidolia,0.6,60,30
r/steak,,steak,0.6,60,30
r/centuryhomes,,centuryhomes,0.6,60,30
r/birdswitharms,,birdswitharms,0.6,60,30
r/3DS,,3DS,0.6,60,30
r/MUAontheCheap,,MUAontheCheap,0.6,60,30
r/woooosh,,woooosh,0.6,60,30
r/CityPorn,,CityPorn,0.6,60,30
r/Kanye,,Kanye,0.6,60,30
r/Romania,,Romania,0.6,60,30
r/KDRAMA,,KDRAMA,0.6,60,30
r/IndiaSpeaks,,IndiaSpeaks,0.6,60,30
r/betterCallSaul,,betterCallSaul,0.6,60,30
r/NotMyJob,,NotMyJob,0.6,60,30
r/im14andthisisdeep,,im14andthisisdeep,0.6,60,30
r/italy,,italy,0.6,60,30
r/chinesefood,,chinesefood,0.6,60,30
r/InstaCelebsGossip,,InstaCelebsGossip,0.6,60,30
r/Moviesinthemaking,Entertainment & Culture,entertainment|culture|Moviesinthemaking,0.7,80,100
r/HollowKnight,,HollowKnight,0.6,60,30
r/UnusualVideos,,UnusualVideos,0.6,60,30
r/EscapefromTarkov,,EscapefromTarkov,0.6,60,30
r/IndoorGarden,,IndoorGarden,0.6,60,30
r/Spiderman,,Spiderman,0.6,60,30
r/wholesomegifs,,wholesomegifs,0.6,60,30
r/ThailandTourism,,ThailandTourism,0.6,60,30
r/wheredidthesodago,,wheredidthesodago,0.6,60,30
r/megalophobia,,megalophobia,0.6,60,30
r/metalworking,,metalworking,0.6,60,30
r/CrossStitch,,CrossStitch,0.6,60,30
r/canadatravel,,canadatravel,0.6,60,30
r/AskAnAmerican,,AskAnAmerican,0.6,60,30
r/ThingsCutInHalfPorn,,ThingsCutInHalfPorn,0.6,60,30
r/CatsWithDogs,,CatsWithDogs,0.6,60,30
r/wiiu,,wiiu,0.6,60,30
r/NoMansSkyTheGame,,NoMansSkyTheGame,0.6,60,30
r/hometheater,,hometheater,0.6,60,30
r/nursing,,nursing,0.6,60,30
r/tooktoomuch,,tooktoomuch,0.6,60,30
r/ThatLookedExpensive,,ThatLookedExpensive,0.6,60,30
r/blunderyears,,blunderyears,0.6,60,30
r/Ghosts,,Ghosts,0.6,60,30
r/GYM,,GYM,0.6,60,30
r/Cheese,,Cheese,0.6,60,30
r/Animesuggest,,Animesuggest,0.6,60,30
r/VisitingHawaii,,VisitingHawaii,0.6,60,30
r/technews,News & World,news|world|politics|technews,0.75,85,100
r/xboxinsiders,,xboxinsiders,0.6,60,30
r/goldenretrievers,,goldenretrievers,0.6,60,30
r/AnimeFunny,Entertainment & Culture,entertainment|culture|AnimeFunny,0.7,80,100
r/femalelivingspace,,femalelivingspace,0.6,60,30
r/dogpictures,,dogpictures,0.6,60,30
r/germany,,germany,0.6,60,30
r/antimeme,,antimeme,0.6,60,30
r/InteriorDesign,Design & UX,design|ux|ui|InteriorDesign,0.65,65,50
r/formuladank,,formuladank,0.6,60,30
r/economy,,economy,0.6,60,30
r/spain,,spain,0.6,60,30
r/rabbits,,abbits,0.6,60,30
r/jacksepticeye,,jacksepticeye,0.6,60,30
r/pathofexile,,pathofexile,0.6,60,30
r/WeWantPlates,,WeWantPlates,0.6,60,30
r/PandR,,PandR,0.6,60,30
r/LiveFromNewYork,,LiveFromNewYork,0.6,60,30
r/RobinHood,,RobinHood,0.6,60,30
r/pitbulls,,pitbulls,0.6,60,30
r/EconomicHistory,,EconomicHistory,0.6,60,30
r/blessedimages,,blessedimages,0.6,60,30
r/TheWhiteLotusHBO,,TheWhiteLotusHBO,0.6,60,30
r/Watercolor,,Watercolor,0.6,60,30
r/startrek,,startrek,0.6,60,30
r/Autos,,Autos,0.6,60,30
r/puns,,puns,0.6,60,30
r/mumbai,,mumbai,0.6,60,30
r/Handwriting,,Handwriting,0.6,60,30
r/OffMyChestPH,,OffMyChestPH,0.6,60,30
r/crappyoffbrands,,crappyoffbrands,0.6,60,30
r/youngpeopleyoutube,,youngpeopleyoutube,0.6,60,30
r/Breath_of_the_Wild,,Breath|of|the|Wild,0.6,60,30
r/TalesFromTheFrontDesk,,TalesFromTheFrontDesk,0.6,60,30
r/talesfromretail,,talesfromretail,0.6,60,30
r/ihadastroke,,ihadastroke,0.6,60,30
r/ChikaPH,,ChikaPH,0.6,60,30
r/ontario,,ontario,0.6,60,30
r/melbourne,,melbourne,0.6,60,30
r/HaircareScience,,HaircareScience,0.6,60,30
r/everymanshouldknow,,everymanshouldknow,0.6,60,30
r/Sephora,,Sephora,0.6,60,30
r/SteamDeck,,SteamDeck,0.6,60,30
r/sweden,,sweden,0.6,60,30
r/tea,,tea,0.6,60,30
r/Instagram,,Instagram,0.6,60,30
r/oilpainting,,oilpainting,0.6,60,30
r/tattoo,,tattoo,0.6,60,30
r/xbox,,xbox,0.6,60,30
r/BackYardChickens,,BackYardChickens,0.6,60,30
r/VaporwaveAesthetics,,VaporwaveAesthetics,0.6,60,30
r/doctorwho,,doctorwho,0.6,60,30
r/LiminalSpace,,LiminalSpace,0.6,60,30
r/playboicarti,,playboicarti,0.6,60,30
r/Metalcore,,Metalcore,0.6,60,30
r/westworld,,westworld,0.6,60,30
r/hiphop101,,hiphop101,0.6,60,30
r/AppleWatch,,AppleWatch,0.6,60,30
r/TrueCrimePodcasts,,TrueCrimePodcasts,0.6,60,30
r/malegrooming,,malegrooming,0.6,60,30
r/mechanical_gifs,,mechanical|gifs,0.6,60,30
r/buildapcsales,,buildapcsales,0.6,60,30
r/eupersonalfinance,,eupersonalfinance,0.6,60,30
r/Songwriting,,Songwriting,0.6,60,30
r/TheSilphRoad,,TheSilphRoad,0.6,60,30
r/asoiaf,,asoiaf,0.6,60,30
r/Embroidery,,Embroidery,0.6,60,30
r/learnpython,Dev & Infra,dev|infra|cloud|learnpython,0.7,70,70
r/intermittentfasting,Health & Lifestyle,health|lifestyle|intermittentfasting,0.62,60,40
r/MLS,,MLS,0.6,60,30
r/bonehurtingjuice,,bonehurtingjuice,0.6,60,30
r/fantasybball,,fantasybball,0.6,60,30
r/easyrecipes,,easyrecipes,0.6,60,30
r/notliketheothergirls,,notliketheothergirls,0.6,60,30
r/FinancialPlanning,,FinancialPlanning,0.6,60,30
r/findfashion,,findfashion,0.6,60,30
r/smoking,,smoking,0.6,60,30
r/PanPorn,,PanPorn,0.6,60,30
r/GreeceTravel,,GreeceTravel,0.6,60,30
r/RedditLaqueristas,,RedditLaqueristas,0.6,60,30
r/EngineeringStudents,,EngineeringStudents,0.6,60,30
r/football,,football,0.6,60,30
r/botecodoreddit,,botecodoreddit,0.6,60,30
r/snakes,,snakes,0.6,60,30
r/nyc,,nyc,0.6,60,30
r/vexillology,,vexillology,0.6,60,30
r/yugioh,,yugioh,0.6,60,30
r/GameDeals,,GameDeals,0.6,60,30
r/Illustration,,Illustration,0.6,60,30
r/BlackPink,,BlackPink,0.6,60,30
r/oblivion,,oblivion,0.6,60,30
r/espresso,,espresso,0.6,60,30
r/championsleague,,championsleague,0.6,60,30
r/RandomThoughts,,RandomThoughts,0.6,60,30
r/gamernews,News & World,news|world|politics|gamernews,0.75,85,100
r/indonesia,,indonesia,0.6,60,30
r/GreatBritishMemes,Entertainment & Culture,entertainment|culture|GreatBritishMemes,0.7,80,100
r/freebies,,freebies,0.6,60,30
r/piercing,,piercing,0.6,60,30
r/ClimbingPorn,,ClimbingPorn,0.6,60,30
r/catpics,Entertainment & Culture,entertainment|culture|catpics,0.7,80,100
r/fantasywriters,,fantasywriters,0.6,60,30
r/magicTCG,,magicTCG,0.6,60,30
r/DadReflexes,,DadReflexes,0.6,60,30
r/hiphopvinyl,,hiphopvinyl,0.6,60,30
r/community,,community,0.6,60,30
r/binance,,binance,0.6,60,30
r/destiny2,,destiny2,0.6,60,30
r/Millennials,,Millennials,0.6,60,30
r/tf2,,tf2,0.6,60,30
r/GradSchool,,GradSchool,0.6,60,30
r/passive_income,,passive|income,0.6,60,30
r/Tools,,Tools,0.6,60,30
r/dogswithjobs,,dogswithjobs,0.6,60,30
r/YarnAddicts,,YarnAddicts,0.6,60,30
r/PenmanshipPorn,,PenmanshipPorn,0.6,60,30
r/bostonceltics,,bostonceltics,0.6,60,30
r/Starfield,,Starfield,0.6,60,30
r/surrealmemes,Entertainment & Culture,entertainment|culture|surrealmemes,0.7,80,100
r/Pourpainting,,Pourpainting,0.6,60,30
r/MakeNewFriendsHere,,MakeNewFriendsHere,0.6,60,30
r/premed,,premed,0.6,60,30
r/creepypasta,,creepypasta,0.6,60,30
r/Cyberpunk,,Cyberpunk,0.6,60,30
r/Thailand,,Thailand,0.6,60,30
r/DesignMyRoom,Design & UX,design|ux|ui|DesignMyRoom,0.65,65,50
r/LawSchool,Dev & Infra,dev|infra|cloud|LawSchool,0.7,70,70
r/Warframe,,Warframe,0.6,60,30
r/BadDesigns,Design & UX,design|ux|ui|BadDesigns,0.65,65,50
r/ScottishPeopleTwitter,,ScottishPeopleTwitter,0.6,60,30
r/worldcup,,worldcup,0.6,60,30
r/Intel,,Intel,0.6,60,30
r/lawncare,,lawncare,0.6,60,30
r/CampingGear,,CampingGear,0.6,60,30
r/FullmetalAlchemist,,FullmetalAlchemist,0.6,60,30
r/MarvelStudiosSpoilers,,MarvelStudiosSpoilers,0.6,60,30
r/DataHoarder,,DataHoarder,0.6,60,30
r/sustainability,,sustainability,0.6,60,30
r/FrankOcean,,FrankOcean,0.6,60,30
r/ClashOfClans,,ClashOfClans,0.6,60,30
r/AutoDetailing,,AutoDetailing,0.6,60,30
r/interiordecorating,,interiordecorating,0.6,60,30
r/UkraineWarVideoReport,,UkraineWarVideoReport,0.6,60,30
r/eu_nvr,,eu|nvr,0.6,60,30
r/doordash,,doordash,0.6,60,30
r/holdmycatnip,,holdmycatnip,0.6,60,30
r/homelab,,homelab,0.6,60,30
r/Wallstreetbetsnew,Finance & Crypto,finance|investing|crypto|Wallstreetbetsnew,0.75,80,90
r/LinkedInLunatics,,LinkedInLunatics,0.6,60,30
r/AskElectronics,,AskElectronics,0.6,60,30
r/bjj,,bjj,0.6,60,30
r/britishproblems,,britishproblems,0.6,60,30
r/Prematurecelebration,,Prematurecelebration,0.6,60,30
r/casualiama,,casualiama,0.6,60,30
r/blackops6,,blackops6,0.6,60,30
r/LosAngeles,,LosAngeles,0.6,60,30
r/Cheap_Meals,,Cheap|Meals,0.6,60,30
r/googlehome,,googlehome,0.6,60,30
r/greysanatomy,,greysanatomy,0.6,60,30
r/toronto,,toronto,0.6,60,30
r/tvPlus,,tvPlus,0.6,60,30
r/BravoRealHousewives,,BravoRealHousewives,0.6,60,30
r/Ultralight,,Ultralight,0.6,60,30
r/Markiplier,,Markiplier,0.6,60,30
r/AskScienceFiction,,AskScienceFiction,0.6,60,30
r/onebag,,onebag,0.6,60,30
r/Patriots,,Patriots,0.6,60,30
r/GameTheorists,,GameTheorists,0.6,60,30
r/haikyuu,,haikyuu,0.6,60,30
r/Marriage,,Marriage,0.6,60,30
r/bestoflegaladvice,,bestoflegaladvice,0.6,60,30
r/lululemon,,lululemon,0.6,60,30
r/FinalFantasy,,FinalFantasy,0.6,60,30
r/shortscarystories,,shortscarystories,0.6,60,30
r/AnimeMusicVideos,Entertainment & Culture,entertainment|culture|AnimeMusicVideos,0.7,80,100
r/Leathercraft,,Leathercraft,0.6,60,30
r/onejob,,onejob,0.6,60,30
r/AwesomeCarMods,,AwesomeCarMods,0.6,60,30
r/rugbyunion,,ugbyunion,0.6,60,30
r/lostredditors,,lostredditors,0.6,60,30
r/tearsofthekingdom,,tearsofthekingdom,0.6,60,30
r/SeveranceAppleTVPlus,,SeveranceAppleTVPlus,0.6,60,30
r/beyonce,,beyonce,0.6,60,30
r/BritishTV,,BritishTV,0.6,60,30
r/Dachshund,,Dachshund,0.6,60,30
r/HadesTheGame,,HadesTheGame,0.6,60,30
r/ios,,ios,0.6,60,30
r/NailArt,,NailArt,0.6,60,30
r/OldPhotosInRealLife,,OldPhotosInRealLife,0.6,60,30
r/pelotoncycle,,pelotoncycle,0.6,60,30
r/StableDiffusion,AI & Data,ai|ml|data|StableDiffusion,0.7,70,70
r/RATS,,RATS,0.6,60,30
r/namenerds,,namenerds,0.6,60,30
r/Tokyo,,Tokyo,0.6,60,30
r/MeatlessMealPrep,Health & Lifestyle,health|lifestyle|MeatlessMealPrep,0.62,60,40
r/BobsBurgers,,BobsBurgers,0.6,60,30
