id,name,tier,categories,description_keywords,daily_posts,avg_comment_length,user_feedback_count,discovered_count,is_active,created_at,updated_at,priority,is_blacklisted,blacklist_reason,downrank_factor,created_by,updated_by,deleted_at,deleted_by,semantic_quality_score,health_status,last_evaluated_at,auto_tier_enabled,name_key,status,core_post_ratio,avg_value_score,recent_core_posts_30d,stats_updated_at,vertical,history_depth_months,min_posts_target
1,r/marketing,candidate,{},"{""probe_source"": ""hot"", ""source_query"": ""[{\""sort\"": \""hot\"", \""subreddit\"": \""r/ecommerce\""}, {\""sort\"": \""hot\"", \""subreddit\"": \""r/shopify\""}, {\""sort\"": \""hot\"", \""subreddit\"": \""r/dropshipping\""}, {\""sort\"": \""hot\"", \""subreddit\"": \""r/aliexpress\""}, {\""sort\"": \""hot\"", \""subreddit\"": \""r/marketing\""}]"", ""source_query_hash"": ""558b4c73933efc9d3a6b1f74500590101bd4d79214a3aab73b9bca874b520c9e""}",0,0,0,0,t,2026-01-03 23:15:07.130372+08,2026-01-03 23:15:07.130372+08,medium,f,,,,,,,0.50,unknown,,t,marketing,active,0.0000,0.00,0,,,24,3000
2,r/shopify,candidate,{},"{""probe_source"": ""hot"", ""source_query"": ""[{\""sort\"": \""hot\"", \""subreddit\"": \""r/ecommerce\""}, {\""sort\"": \""hot\"", \""subreddit\"": \""r/shopify\""}, {\""sort\"": \""hot\"", \""subreddit\"": \""r/dropshipping\""}, {\""sort\"": \""hot\"", \""subreddit\"": \""r/aliexpress\""}, {\""sort\"": \""hot\"", \""subreddit\"": \""r/marketing\""}]"", ""source_query_hash"": ""558b4c73933efc9d3a6b1f74500590101bd4d79214a3aab73b9bca874b520c9e""}",0,0,0,0,t,2026-01-03 23:15:07.130372+08,2026-01-03 23:15:07.130372+08,medium,f,,,,,,,0.50,unknown,,t,shopify,active,0.0000,0.00,0,,,24,3000
3,r/aliexpress,candidate,{},"{""probe_source"": ""hot"", ""source_query"": ""[{\""sort\"": \""hot\"", \""subreddit\"": \""r/ecommerce\""}, {\""sort\"": \""hot\"", \""subreddit\"": \""r/shopify\""}, {\""sort\"": \""hot\"", \""subreddit\"": \""r/dropshipping\""}, {\""sort\"": \""hot\"", \""subreddit\"": \""r/aliexpress\""}, {\""sort\"": \""hot\"", \""subreddit\"": \""r/marketing\""}]"", ""source_query_hash"": ""558b4c73933efc9d3a6b1f74500590101bd4d79214a3aab73b9bca874b520c9e""}",0,0,0,0,t,2026-01-03 23:15:07.130372+08,2026-01-03 23:15:07.130372+08,medium,f,,,,,,,0.50,unknown,,t,aliexpress,active,0.0000,0.00,0,,,24,3000
5,r/ecommerce,candidate,{},"{""probe_source"": ""hot"", ""source_query"": ""[{\""sort\"": \""hot\"", \""subreddit\"": \""r/ecommerce\""}, {\""sort\"": \""hot\"", \""subreddit\"": \""r/shopify\""}, {\""sort\"": \""hot\"", \""subreddit\"": \""r/dropshipping\""}, {\""sort\"": \""hot\"", \""subreddit\"": \""r/aliexpress\""}, {\""sort\"": \""hot\"", \""subreddit\"": \""r/marketing\""}]"", ""source_query_hash"": ""558b4c73933efc9d3a6b1f74500590101bd4d79214a3aab73b9bca874b520c9e""}",0,0,0,0,t,2026-01-04 23:15:07.079868+08,2026-01-04 23:15:07.079868+08,medium,f,,,,,,,0.50,unknown,,t,ecommerce,active,0.0000,0.00,0,,,24,3000
7,r/dropshipping,candidate,{},"{""probe_source"": ""hot"", ""source_query"": ""[{\""sort\"": \""hot\"", \""subreddit\"": \""r/ecommerce\""}, {\""sort\"": \""hot\"", \""subreddit\"": \""r/shopify\""}, {\""sort\"": \""hot\"", \""subreddit\"": \""r/dropshipping\""}, {\""sort\"": \""hot\"", \""subreddit\"": \""r/aliexpress\""}, {\""sort\"": \""hot\"", \""subreddit\"": \""r/marketing\""}]"", ""source_query_hash"": ""558b4c73933efc9d3a6b1f74500590101bd4d79214a3aab73b9bca874b520c9e""}",0,0,0,0,t,2026-01-04 23:15:07.079868+08,2026-01-04 23:15:07.079868+08,medium,f,,,,,,,0.50,unknown,,t,dropshipping,active,0.0000,0.00,0,,,24,3000
118,r/entrepreneur,medium,{},"{""keywords"": [""shopify"", ""本地冒烟"", ""phase107"", ""卖家广告优化与转化率提升工具"", ""gate""]}",150,64,0,1,t,2026-01-19 12:26:50.629653+08,2026-01-19 12:26:50.629653+08,medium,f,,,,,,,0.50,unknown,,t,entrepreneur,active,0.0000,0.00,0,,,24,3000
119,r/shopifyecommerce,medium,{},"{""keywords"": [""shopify"", ""本地冒烟"", ""phase107"", ""卖家广告优化与转化率提升工具"", ""gate""]}",80,70,0,1,t,2026-01-19 12:26:50.629653+08,2026-01-19 12:26:50.629653+08,medium,f,,,,,,,0.50,unknown,,t,shopifyecommerce,active,0.0000,0.00,0,,,24,3000
120,r/financialindependence,medium,{},"{""keywords"": [""生成专业发票"", ""自动记录工作时间"", ""并集成主流支付平台"", ""一款专为自由职业者设计的时间追踪和发票管理工具""]}",180,95,0,50,t,2026-01-19 21:19:16.201325+08,2026-01-19 21:19:16.201325+08,medium,f,,,,,,,0.50,unknown,,t,financialindependence,active,0.0000,0.00,0,,,24,3000
121,r/investing,medium,{},"{""keywords"": [""生成专业发票"", ""自动记录工作时间"", ""并集成主流支付平台"", ""一款专为自由职业者设计的时间追踪和发票管理工具""]}",320,75,0,50,t,2026-01-19 21:19:16.201325+08,2026-01-19 21:19:16.201325+08,medium,f,,,,,,,0.50,unknown,,t,investing,active,0.0000,0.00,0,,,24,3000
122,r/artificial,medium,{},"{""keywords"": [""生成专业发票"", ""自动记录工作时间"", ""并集成主流支付平台"", ""一款专为自由职业者设计的时间追踪和发票管理工具""]}",140,110,0,5,t,2026-01-19 21:19:16.201325+08,2026-01-19 21:19:16.201325+08,medium,f,,,,,,,0.50,unknown,,t,artificial,active,0.0000,0.00,0,,,24,3000
123,r/ethereum,medium,{},"{""keywords"": [""生成专业发票"", ""自动记录工作时间"", ""并集成主流支付平台"", ""一款专为自由职业者设计的时间追踪和发票管理工具""]}",280,72,0,50,t,2026-01-19 21:19:16.201325+08,2026-01-19 21:19:16.201325+08,medium,f,,,,,,,0.50,unknown,,t,ethereum,active,0.0000,0.00,0,,,24,3000
124,r/stocks,medium,{},"{""keywords"": [""生成专业发票"", ""自动记录工作时间"", ""并集成主流支付平台"", ""一款专为自由职业者设计的时间追踪和发票管理工具""]}",400,68,0,50,t,2026-01-19 21:19:16.201325+08,2026-01-19 21:19:16.201325+08,medium,f,,,,,,,0.50,unknown,,t,stocks,active,0.0000,0.00,0,,,24,3000
125,r/cryptocurrency,medium,{},"{""keywords"": [""生成专业发票"", ""自动记录工作时间"", ""并集成主流支付平台"", ""一款专为自由职业者设计的时间追踪和发票管理工具""]}",500,65,0,50,t,2026-01-19 21:19:16.201325+08,2026-01-19 21:19:16.201325+08,medium,f,,,,,,,0.50,unknown,,t,cryptocurrency,active,0.0000,0.00,0,,,24,3000
126,r/stockmarket,medium,{},"{""keywords"": [""生成专业发票"", ""自动记录工作时间"", ""并集成主流支付平台"", ""一款专为自由职业者设计的时间追踪和发票管理工具""]}",250,62,0,50,t,2026-01-19 21:19:16.201325+08,2026-01-19 21:19:16.201325+08,medium,f,,,,,,,0.50,unknown,,t,stockmarket,active,0.0000,0.00,0,,,24,3000
127,r/bitcoin,medium,{},"{""keywords"": [""生成专业发票"", ""自动记录工作时间"", ""并集成主流支付平台"", ""一款专为自由职业者设计的时间追踪和发票管理工具""]}",350,58,0,50,t,2026-01-19 21:19:16.201325+08,2026-01-19 21:19:16.201325+08,medium,f,,,,,,,0.50,unknown,,t,bitcoin,active,0.0000,0.00,0,,,24,3000
128,r/cryptomarkets,medium,{},"{""keywords"": [""生成专业发票"", ""自动记录工作时间"", ""并集成主流支付平台"", ""一款专为自由职业者设计的时间追踪和发票管理工具""]}",220,55,0,50,t,2026-01-19 21:19:16.201325+08,2026-01-19 21:19:16.201325+08,medium,f,,,,,,,0.50,unknown,,t,cryptomarkets,active,0.0000,0.00,0,,,24,3000
129,r/wallstreetbets,medium,{},"{""keywords"": [""生成专业发票"", ""自动记录工作时间"", ""并集成主流支付平台"", ""一款专为自由职业者设计的时间追踪和发票管理工具""]}",800,45,0,50,t,2026-01-19 21:19:16.201325+08,2026-01-19 21:19:16.201325+08,medium,f,,,,,,,0.50,unknown,,t,wallstreetbets,active,0.0000,0.00,0,,,24,3000
130,r/whitepeopletwitter,medium,{},"{""keywords"": [""research"", ""pm"", ""e2e"", ""product"", ""checklist"", ""ux"", ""roadmap"", ""test"", ""run""]}",80,70,0,5,t,2026-01-19 21:24:01.294416+08,2026-01-19 21:24:01.294416+08,medium,f,,,,,,,0.50,unknown,,t,whitepeopletwitter,active,0.0000,0.00,0,,,24,3000
131,r/thesilphroad,medium,{},"{""keywords"": [""research"", ""pm"", ""e2e"", ""product"", ""checklist"", ""ux"", ""roadmap"", ""test"", ""run""]}",80,70,0,3,t,2026-01-19 21:24:01.294416+08,2026-01-19 21:24:01.294416+08,medium,f,,,,,,,0.50,unknown,,t,thesilphroad,active,0.0000,0.00,0,,,24,3000
132,r/blueskyskeets,medium,{},"{""keywords"": [""research"", ""pm"", ""e2e"", ""product"", ""checklist"", ""ux"", ""roadmap"", ""test"", ""run""]}",80,70,0,3,t,2026-01-19 21:24:01.294416+08,2026-01-19 21:24:01.294416+08,medium,f,,,,,,,0.50,unknown,,t,blueskyskeets,active,0.0000,0.00,0,,,24,3000
133,r/productmanagement,medium,{},"{""keywords"": [""research"", ""pm"", ""e2e"", ""product"", ""checklist"", ""ux"", ""roadmap"", ""test"", ""run""]}",95,90,0,3,t,2026-01-19 21:24:01.294416+08,2026-01-19 21:24:01.294416+08,medium,f,,,,,,,0.50,unknown,,t,productmanagement,active,0.0000,0.00,0,,,24,3000
134,r/agile,medium,{},"{""keywords"": [""research"", ""pm"", ""e2e"", ""product"", ""checklist"", ""ux"", ""roadmap"", ""test"", ""run""]}",80,70,0,2,t,2026-01-19 21:24:01.294416+08,2026-01-19 21:24:01.294416+08,medium,f,,,,,,,0.50,unknown,,t,agile,active,0.0000,0.00,0,,,24,3000
135,r/therewasanattempt,medium,{},"{""keywords"": [""research"", ""pm"", ""e2e"", ""product"", ""checklist"", ""ux"", ""roadmap"", ""test"", ""run""]}",80,70,0,2,t,2026-01-19 21:24:01.294416+08,2026-01-19 21:24:01.294416+08,medium,f,,,,,,,0.50,unknown,,t,therewasanattempt,active,0.0000,0.00,0,,,24,3000
136,r/borupdates,medium,{},"{""keywords"": [""research"", ""pm"", ""e2e"", ""product"", ""checklist"", ""ux"", ""roadmap"", ""test"", ""run""]}",80,70,0,2,t,2026-01-19 21:24:01.294416+08,2026-01-19 21:24:01.294416+08,medium,f,,,,,,,0.50,unknown,,t,borupdates,active,0.0000,0.00,0,,,24,3000
137,r/warthunder,medium,{},"{""keywords"": [""research"", ""pm"", ""e2e"", ""product"", ""checklist"", ""ux"", ""roadmap"", ""test"", ""run""]}",80,70,0,2,t,2026-01-19 21:24:01.294416+08,2026-01-19 21:24:01.294416+08,medium,f,,,,,,,0.50,unknown,,t,warthunder,active,0.0000,0.00,0,,,24,3000
138,r/pcmasterrace,medium,{},"{""keywords"": [""research"", ""pm"", ""e2e"", ""product"", ""checklist"", ""ux"", ""roadmap"", ""test"", ""run""]}",80,70,0,2,t,2026-01-19 21:24:01.294416+08,2026-01-19 21:24:01.294416+08,medium,f,,,,,,,0.50,unknown,,t,pcmasterrace,active,0.0000,0.00,0,,,24,3000
139,r/bangtan,medium,{},"{""keywords"": [""research"", ""pm"", ""e2e"", ""product"", ""checklist"", ""ux"", ""roadmap"", ""test"", ""run""]}",80,70,0,2,t,2026-01-19 21:24:01.294416+08,2026-01-19 21:24:01.294416+08,medium,f,,,,,,,0.50,unknown,,t,bangtan,active,0.0000,0.00,0,,,24,3000
140,r/amdavadclassifieds,medium,{},"{""keywords"": [""research"", ""pm"", ""e2e"", ""product"", ""checklist"", ""ux"", ""roadmap"", ""test"", ""run""]}",80,70,0,1,t,2026-01-19 21:24:01.294416+08,2026-01-19 21:24:01.294416+08,medium,f,,,,,,,0.50,unknown,,t,amdavadclassifieds,active,0.0000,0.00,0,,,24,3000
141,r/murderedbywords,medium,{},"{""keywords"": [""research"", ""pm"", ""e2e"", ""product"", ""checklist"", ""ux"", ""roadmap"", ""test"", ""run""]}",80,70,0,1,t,2026-01-19 21:24:01.294416+08,2026-01-19 21:24:01.294416+08,medium,f,,,,,,,0.50,unknown,,t,murderedbywords,active,0.0000,0.00,0,,,24,3000
142,r/getnoted,medium,{},"{""keywords"": [""research"", ""pm"", ""e2e"", ""product"", ""checklist"", ""ux"", ""roadmap"", ""test"", ""run""]}",80,70,0,1,t,2026-01-19 21:24:01.294416+08,2026-01-19 21:24:01.294416+08,medium,f,,,,,,,0.50,unknown,,t,getnoted,active,0.0000,0.00,0,,,24,3000
143,r/btechtards,medium,{},"{""keywords"": [""research"", ""pm"", ""e2e"", ""product"", ""checklist"", ""ux"", ""roadmap"", ""test"", ""run""]}",80,70,0,1,t,2026-01-19 21:24:01.294416+08,2026-01-19 21:24:01.294416+08,medium,f,,,,,,,0.50,unknown,,t,btechtards,active,0.0000,0.00,0,,,24,3000
144,r/austin,medium,{},"{""keywords"": [""research"", ""pm"", ""e2e"", ""product"", ""checklist"", ""ux"", ""roadmap"", ""test"", ""run""]}",80,70,0,1,t,2026-01-19 21:24:01.294416+08,2026-01-19 21:24:01.294416+08,medium,f,,,,,,,0.50,unknown,,t,austin,active,0.0000,0.00,0,,,24,3000
145,r/leagueoflegends,medium,{},"{""keywords"": [""research"", ""pm"", ""e2e"", ""product"", ""checklist"", ""ux"", ""roadmap"", ""test"", ""run""]}",80,70,0,1,t,2026-01-19 21:24:01.294416+08,2026-01-19 21:24:01.294416+08,medium,f,,,,,,,0.50,unknown,,t,leagueoflegends,active,0.0000,0.00,0,,,24,3000
146,r/nonfictionbookclub,medium,{},"{""keywords"": [""research"", ""pm"", ""e2e"", ""product"", ""checklist"", ""ux"", ""roadmap"", ""test"", ""run""]}",80,70,0,1,t,2026-01-19 21:24:01.294416+08,2026-01-19 21:24:01.294416+08,medium,f,,,,,,,0.50,unknown,,t,nonfictionbookclub,active,0.0000,0.00,0,,,24,3000
147,r/bogleheads,medium,{},"{""keywords"": [""research"", ""pm"", ""e2e"", ""product"", ""checklist"", ""ux"", ""roadmap"", ""test"", ""run""]}",80,70,0,1,t,2026-01-19 21:24:01.294416+08,2026-01-19 21:24:01.294416+08,medium,f,,,,,,,0.50,unknown,,t,bogleheads,active,0.0000,0.00,0,,,24,3000
148,r/space,medium,{},"{""keywords"": [""research"", ""pm"", ""e2e"", ""product"", ""checklist"", ""ux"", ""roadmap"", ""test"", ""run""]}",80,70,0,1,t,2026-01-19 21:24:01.294416+08,2026-01-19 21:24:01.294416+08,medium,f,,,,,,,0.50,unknown,,t,space,active,0.0000,0.00,0,,,24,3000
149,r/askwomenindia,medium,{},"{""keywords"": [""research"", ""pm"", ""e2e"", ""product"", ""checklist"", ""ux"", ""roadmap"", ""test"", ""run""]}",80,70,0,1,t,2026-01-19 21:24:01.294416+08,2026-01-19 21:24:01.294416+08,medium,f,,,,,,,0.50,unknown,,t,askwomenindia,active,0.0000,0.00,0,,,24,3000
