name,posts_sampled,semantic_score_what_to_sell,semantic_score_how_to_sell,semantic_score_where_to_sell,semantic_score_how_to_source,coverage_what_to_sell,coverage_how_to_sell,coverage_where_to_sell,coverage_how_to_source,density_what_to_sell,density_how_to_sell,density_where_to_sell,density_how_to_source,purity_what_to_sell,purity_how_to_sell,purity_where_to_sell,purity_how_to_source
r/AmazonFBA,6,18.47,18.47,18.64,21.82,0.0351,0.0351,0.0357,0.0476,0.9545,0.9545,0.9545,1.0,1.0,1.0,1.0,1.0
r/dropshipping,6,15.21,15.21,15.35,14.47,0.0351,0.0351,0.0357,0.0317,0.5,0.5,0.5,0.5,1.0,1.0,1.0,1.0
r/Tech_Philippines,5,0.0,0.0,0.0,0.0,0.0,0.0,0.0,0.0,0.0,0.0,0.0,0.0,1.0,1.0,1.0,1.0
r/shopify,6,29.26,29.26,29.52,27.83,0.0877,0.0877,0.0893,0.0794,1.0,1.0,1.0,1.0,0.9412,0.9412,0.9412,0.9412
r/ShopeePH,6,10.48,10.48,10.57,9.97,0.0175,0.0175,0.0179,0.0159,0.458,0.458,0.458,0.458,1.0,1.0,1.0,1.0
r/EtsySellers,6,22.94,22.94,23.15,21.82,0.0526,0.0526,0.0536,0.0476,1.0,1.0,1.0,1.0,1.0,1.0,1.0,1.0
r/ecommerce,6,22.73,22.73,22.93,21.62,0.0702,0.0702,0.0714,0.0635,0.6,0.6,0.6,0.6,1.0,1.0,1.0,1.0
r/dropship,6,35.04,35.04,35.36,33.33,0.1228,0.1228,0.125,0.1111,1.0,1.0,1.0,1.0,1.0,1.0,1.0,1.0
r/Etsy,6,29.62,29.62,29.88,28.17,0.0877,0.0877,0.0893,0.0794,1.0,1.0,1.0,1.0,1.0,1.0,1.0,1.0
r/EtsyCommunity,6,29.62,29.62,29.88,28.17,0.0877,0.0877,0.0893,0.0794,1.0,1.0,1.0,1.0,1.0,1.0,1.0,1.0
r/SBCGaming,6,0.0,0.0,0.0,0.0,0.0,0.0,0.0,0.0,0.0,0.0,0.0,0.0,1.0,1.0,1.0,1.0
r/TikTokshop,6,15.21,15.21,15.35,14.47,0.0351,0.0351,0.0357,0.0317,0.5,0.5,0.5,0.5,1.0,1.0,1.0,1.0
r/FulfillmentByAmazon,6,20.61,20.61,20.8,19.61,0.0526,0.0526,0.0536,0.0476,0.7,0.7,0.7,0.7,1.0,1.0,1.0,1.0
r/Indiegogo,6,12.32,12.32,12.43,11.72,0.0351,0.0351,0.0357,0.0317,0.3,0.3,0.3,0.3,0.75,0.75,0.75,0.75
r/smallbusiness,6,0.0,0.0,0.0,0.0,0.0,0.0,0.0,0.0,0.0,0.0,0.0,0.0,1.0,1.0,1.0,1.0
r/technology,3,0.0,0.0,0.0,0.0,0.0,0.0,0.0,0.0,0.0,0.0,0.0,0.0,1.0,1.0,1.0,1.0
r/Entrepreneur,6,6.23,6.23,6.28,5.92,0.0175,0.0175,0.0179,0.0159,0.1059,0.1059,0.1059,0.1059,0.6667,0.6667,0.6667,0.6667
r/AmazonFBATips,6,35.04,35.04,35.36,33.33,0.1228,0.1228,0.125,0.1111,1.0,1.0,1.0,1.0,1.0,1.0,1.0,1.0
r/mildlyinfuriating,4,0.0,0.0,0.0,0.0,0.0,0.0,0.0,0.0,0.0,0.0,0.0,0.0,1.0,1.0,1.0,1.0
r/AtinAtinLang,5,6.64,6.64,6.7,6.31,0.0175,0.0175,0.0179,0.0159,0.1,0.1,0.1,0.1,1.0,1.0,1.0,1.0
